canonical_instrument_id,symbol,event_date,action_type,raw_factor,cumulative_backward_factor,volume_factor,factor_confidence,source_event_id,methodology_version,review_status
NSE:360ONE:EQ,360ONE,2023-03-02,STOCK_SPLIT,0.5,0.5,2,VERIFIED_OFFICIAL,nse-ca-b57812059c48ae6a,PRICE_ADJUSTED_STRUCTURAL_V1,PARSED
NSE:360ONE:EQ,360ONE,2023-03-02,BONUS,0.5,0.25,2,VERIFIED_OFFICIAL,nse-ca-bf0260c72fa101f0,PRICE_ADJUSTED_STRUCTURAL_V1,PARSED
NSE:AAKASH:EQ,AAKASH,2022-02-03,STOCK_SPLIT,0.1,0.1,10,VERIFIED_OFFICIAL,nse-ca-bd83c7e3f10ff9b4,PRICE_ADJUSTED_STRUCTURAL_V1,PARSED
NSE:AARON:EQ,AARON,2025-08-25,BONUS,0.5,0.5,2,VERIFIED_OFFICIAL,nse-ca-a07fa18c5c9b7021,PRICE_ADJUSTED_STRUCTURAL_V1,PARSED
NSE:AARTECH:EQ,AARTECH,2024-08-09,BONUS,0.6666666666666666666666666667,0.6666666666666666666666666667,1.5,VERIFIED_OFFICIAL,nse-ca-40241591b059b628,PRICE_ADJUSTED_STRUCTURAL_V1,PARSED
NSE:AARTECH:EQ,AARTECH,2024-08-09,STOCK_SPLIT,0.5,0.3333333333333333333333333334,2,VERIFIED_OFFICIAL,nse-ca-b83fbf3da8473b3b,PRICE_ADJUSTED_STRUCTURAL_V1,PARSED
NSE:ABINFRA:EQ,ABINFRA,2025-10-17,STOCK_SPLIT,0.1,0.1,10,VERIFIED_OFFICIAL,nse-ca-bdad563619de1857,PRICE_ADJUSTED_STRUCTURAL_V1,PARSED
NSE:ACCURACY:EQ,ACCURACY,2023-02-15,STOCK_SPLIT,0.1,0.1,10,VERIFIED_OFFICIAL,nse-ca-06c46ed0223e9407,PRICE_ADJUSTED_STRUCTURAL_V1,PARSED
NSE:ACUTAAS:EQ,ACUTAAS,2025-04-25,STOCK_SPLIT,0.5,0.5,2,VERIFIED_OFFICIAL,nse-ca-4abe3287bb315873,PRICE_ADJUSTED_STRUCTURAL_V1,PARSED
NSE:ADANIPOWER:EQ,ADANIPOWER,2025-09-22,STOCK_SPLIT,0.2,0.2,5,VERIFIED_OFFICIAL,nse-ca-6a1916d8f8a04998,PRICE_ADJUSTED_STRUCTURAL_V1,PARSED
NSE:ADFFOODS:EQ,ADFFOODS,2023-09-11,STOCK_SPLIT,0.2,0.2,5,VERIFIED_OFFICIAL,nse-ca-f36745794954a95c,PRICE_ADJUSTED_STRUCTURAL_V1,PARSED
NSE:ADVANIHOTR:EQ,ADVANIHOTR,2024-03-20,BONUS,0.5,0.5,2,VERIFIED_OFFICIAL,nse-ca-68eaa345a89bacf2,PRICE_ADJUSTED_STRUCTURAL_V1,PARSED
NSE:AFFLE:EQ,AFFLE,2021-10-07,STOCK_SPLIT,0.2,0.2,5,VERIFIED_OFFICIAL,nse-ca-e5992fdd8b826661,PRICE_ADJUSTED_STRUCTURAL_V1,PARSED
NSE:AFIL:EQ,AFIL,2025-04-17,STOCK_SPLIT,0.1,0.1,10,VERIFIED_OFFICIAL,nse-ca-61a1831b1b53d471,PRICE_ADJUSTED_STRUCTURAL_V1,PARSED
NSE:AGIIL:EQ,AGIIL,2025-02-07,STOCK_SPLIT,0.5,0.1,2,VERIFIED_OFFICIAL,nse-ca-a33bb1091a5b88c3,PRICE_ADJUSTED_STRUCTURAL_V1,PARSED
NSE:AGIIL:EQ,AGIIL,2025-10-10,STOCK_SPLIT,0.2,0.2,5,VERIFIED_OFFICIAL,nse-ca-47da4929aa04291a,PRICE_ADJUSTED_STRUCTURAL_V1,PARSED
NSE:AHCL:EQ,AHCL,2026-04-24,BONUS,0.5,0.5,2,VERIFIED_OFFICIAL,nse-ca-0190a24be488bc38,PRICE_ADJUSTED_STRUCTURAL_V1,PARSED
NSE:AHCL:EQ,AHCL,2026-04-24,STOCK_SPLIT,0.2,0.1,5,VERIFIED_OFFICIAL,nse-ca-60e45d47e0ab4819,PRICE_ADJUSTED_STRUCTURAL_V1,PARSED
NSE:AHLEAST:EQ,AHLEAST,2022-10-06,BONUS,0.6666666666666666666666666667,0.6666666666666666666666666667,1.5,VERIFIED_OFFICIAL,nse-ca-84ca9f7a25c3b7ac,PRICE_ADJUSTED_STRUCTURAL_V1,PARSED
NSE:AIIL:EQ,AIIL,2026-01-13,BONUS,0.2,0.2,5,VERIFIED_OFFICIAL,nse-ca-45c3386007ba5b3c,PRICE_ADJUSTED_STRUCTURAL_V1,PARSED
NSE:AJANTPHARM:EQ,AJANTPHARM,2022-06-22,BONUS,0.6666666666666666666666666667,0.6666666666666666666666666667,1.5,VERIFIED_OFFICIAL,nse-ca-6e0796d43b2f8dec,PRICE_ADJUSTED_STRUCTURAL_V1,PARSED
NSE:AJMERA:EQ,AJMERA,2026-01-14,STOCK_SPLIT,0.2,0.2,5,VERIFIED_OFFICIAL,nse-ca-4677808e65622809,PRICE_ADJUSTED_STRUCTURAL_V1,PARSED
NSE:AJOONI:EQ,AJOONI,2022-10-07,STOCK_SPLIT,0.2,0.2,5,VERIFIED_OFFICIAL,nse-ca-0409fcaf764d99de,PRICE_ADJUSTED_STRUCTURAL_V1,PARSED
NSE:AKI:EQ,AKI,2023-06-22,STOCK_SPLIT,0.2,0.2,5,VERIFIED_OFFICIAL,nse-ca-44f1990c9f25113f,PRICE_ADJUSTED_STRUCTURAL_V1,PARSED
NSE:AKSHAR:EQ,AKSHAR,2023-07-31,STOCK_SPLIT,0.1,0.08333333333333333333333333333,10,VERIFIED_OFFICIAL,nse-ca-809838ab447d5ae3,PRICE_ADJUSTED_STRUCTURAL_V1,PARSED
NSE:AKSHAR:EQ,AKSHAR,2024-02-15,BONUS,0.8333333333333333333333333333,0.8333333333333333333333333333,1.2,VERIFIED_OFFICIAL,nse-ca-8dc9db64e4d832df,PRICE_ADJUSTED_STRUCTURAL_V1,PARSED
NSE:ALLCARGO:EQ,ALLCARGO,2024-01-02,BONUS,0.25,0.25,4,VERIFIED_OFFICIAL,nse-ca-2aa29e16c143afbd,PRICE_ADJUSTED_STRUCTURAL_V1,PARSED
NSE:ALMONDZ:EQ,ALMONDZ,2024-07-23,STOCK_SPLIT,0.1666666666666666666666666667,0.1666666666666666666666666667,5.999999999999999999999999999,VERIFIED_OFFICIAL,nse-ca-8a3f10fadebbb9b2,PRICE_ADJUSTED_STRUCTURAL_V1,PARSED
NSE:ANANDRATHI:EQ,ANANDRATHI,2025-03-05,BONUS,0.5,0.25,2,VERIFIED_OFFICIAL,nse-ca-cba2de7a13496338,PRICE_ADJUSTED_STRUCTURAL_V1,PARSED
NSE:ANANDRATHI:EQ,ANANDRATHI,2026-06-03,BONUS,0.5,0.5,2,VERIFIED_OFFICIAL,nse-ca-d912a4a9a81f3a5d,PRICE_ADJUSTED_STRUCTURAL_V1,PARSED
NSE:ANDHRAPAP:EQ,ANDHRAPAP,2024-09-11,STOCK_SPLIT,0.2,0.2,5,VERIFIED_OFFICIAL,nse-ca-6ef6e2c282126335,PRICE_ADJUSTED_STRUCTURAL_V1,PARSED
NSE:ANDHRSUGAR:EQ,ANDHRSUGAR,2021-12-30,STOCK_SPLIT,0.2,0.2,5,VERIFIED_OFFICIAL,nse-ca-f3647bd2460e7da2,PRICE_ADJUSTED_STRUCTURAL_V1,PARSED
NSE:ANGELONE:EQ,ANGELONE,2026-02-26,STOCK_SPLIT,0.1,0.1,10,VERIFIED_OFFICIAL,nse-ca-f73c0e163ea9f85c,PRICE_ADJUSTED_STRUCTURAL_V1,PARSED
NSE:ANMOL:EQ,ANMOL,2023-07-18,BONUS,0.2,0.2,5,VERIFIED_OFFICIAL,nse-ca-7eeef6b4ccae0629,PRICE_ADJUSTED_STRUCTURAL_V1,PARSED
NSE:ANUHPHR:EQ,ANUHPHR,2025-07-15,BONUS,0.5,0.5,2,VERIFIED_OFFICIAL,nse-ca-b6c289eb47f9fee2,PRICE_ADJUSTED_STRUCTURAL_V1,PARSED
NSE:ANUP:EQ,ANUP,2024-04-23,BONUS,0.5,0.5,2,VERIFIED_OFFICIAL,nse-ca-2652753ea407abcb,PRICE_ADJUSTED_STRUCTURAL_V1,PARSED
NSE:APLAPOLLO:EQ,APLAPOLLO,2021-09-16,BONUS,0.5,0.5,2,VERIFIED_OFFICIAL,nse-ca-b49b37a29dd09160,PRICE_ADJUSTED_STRUCTURAL_V1,PARSED
NSE:APOLLO:EQ,APOLLO,2023-05-04,STOCK_SPLIT,0.1,0.1,10,VERIFIED_OFFICIAL,nse-ca-d02a097148b74154,PRICE_ADJUSTED_STRUCTURAL_V1,PARSED
NSE:APOLLOPIPE:EQ,APOLLOPIPE,2021-12-02,BONUS,0.3333333333333333333333333333,0.3333333333333333333333333333,3,VERIFIED_OFFICIAL,nse-ca-1c064b2c2657a23e,PRICE_ADJUSTED_STRUCTURAL_V1,PARSED
NSE:APTECHT:EQ,APTECHT,2023-07-14,BONUS,0.7142857142857142857142857143,0.7142857142857142857142857143,1.4,VERIFIED_OFFICIAL,nse-ca-99db05054fcd5465,PRICE_ADJUSTED_STRUCTURAL_V1,PARSED
NSE:AQYLON:EQ,AQYLON,2026-03-05,STOCK_SPLIT,0.1,0.1,10,VERIFIED_OFFICIAL,nse-ca-9d14ddab1b4764cb,PRICE_ADJUSTED_STRUCTURAL_V1,PARSED
NSE:ARIHANTCAP:EQ,ARIHANTCAP,2022-04-12,STOCK_SPLIT,0.2,0.2,5,VERIFIED_OFFICIAL,nse-ca-f4535f5ae1ccaf65,PRICE_ADJUSTED_STRUCTURAL_V1,PARSED
NSE:ARTEMISMED:EQ,ARTEMISMED,2021-09-23,STOCK_SPLIT,0.1,0.1,10,VERIFIED_OFFICIAL,nse-ca-e53de8d1ef148ce9,PRICE_ADJUSTED_STRUCTURAL_V1,PARSED
NSE:ASHOKLEY:EQ,ASHOKLEY,2025-07-16,BONUS,0.5,0.5,2,VERIFIED_OFFICIAL,nse-ca-78f9a50f9420bf66,PRICE_ADJUSTED_STRUCTURAL_V1,PARSED
NSE:ASTRAL:EQ,ASTRAL,2023-03-14,BONUS,0.75,0.75,1.333333333333333333333333333,VERIFIED_OFFICIAL,nse-ca-383ff230b27c7264,PRICE_ADJUSTED_STRUCTURAL_V1,PARSED
NSE:ATALREAL:EQ,ATALREAL,2023-11-16,STOCK_SPLIT,0.2,0.2,5,VERIFIED_OFFICIAL,nse-ca-8c0a42e8a280522c,PRICE_ADJUSTED_STRUCTURAL_V1,PARSED
NSE:AUBANK:EQ,AUBANK,2022-06-09,BONUS,0.5,0.5,2,VERIFIED_OFFICIAL,nse-ca-57d7aae458baab91,PRICE_ADJUSTED_STRUCTURAL_V1,PARSED
NSE:AURIGROW:EQ,AURIGROW,2022-01-20,BONUS,0.5,0.05,2,VERIFIED_OFFICIAL,nse-ca-c99d1849cf1c9819,PRICE_ADJUSTED_STRUCTURAL_V1,PARSED
NSE:AURIGROW:EQ,AURIGROW,2022-03-24,STOCK_SPLIT,0.1,0.1,10,VERIFIED_OFFICIAL,nse-ca-a3a58c907a7bf82a,PRICE_ADJUSTED_STRUCTURAL_V1,PARSED
NSE:AURIONPRO:EQ,AURIONPRO,2024-06-27,BONUS,0.5,0.5,2,VERIFIED_OFFICIAL,nse-ca-72f23cf17c89dfbd,PRICE_ADJUSTED_STRUCTURAL_V1,PARSED
NSE:AVONMORE:EQ,AVONMORE,2024-06-28,STOCK_SPLIT,0.1,0.1,10,VERIFIED_OFFICIAL,nse-ca-8a3fd6352e126376,PRICE_ADJUSTED_STRUCTURAL_V1,PARSED
NSE:AVROIND:EQ,AVROIND,2026-05-05,STOCK_SPLIT,0.1,0.1,10,VERIFIED_OFFICIAL,nse-ca-9f1256da394c699b,PRICE_ADJUSTED_STRUCTURAL_V1,PARSED
NSE:AXITA:EQ,AXITA,2022-10-21,STOCK_SPLIT,0.1,0.05113636363636363636363636364,10,VERIFIED_OFFICIAL,nse-ca-4f33d5660541fd11,PRICE_ADJUSTED_STRUCTURAL_V1,PARSED
NSE:AXITA:EQ,AXITA,2023-12-22,BONUS,0.75,0.5113636363636363636363636364,1.333333333333333333333333333,VERIFIED_OFFICIAL,nse-ca-1bab1825c7ef6d8d,PRICE_ADJUSTED_STRUCTURAL_V1,PARSED
NSE:AXITA:EQ,AXITA,2024-09-20,BONUS,0.75,0.6818181818181818181818181818,1.333333333333333333333333333,VERIFIED_OFFICIAL,nse-ca-7614236517a61267,PRICE_ADJUSTED_STRUCTURAL_V1,PARSED
NSE:AXITA:EQ,AXITA,2026-02-13,BONUS,0.9090909090909090909090909091,0.9090909090909090909090909091,1.1,VERIFIED_OFFICIAL,nse-ca-d3c860aead516967,PRICE_ADJUSTED_STRUCTURAL_V1,PARSED
NSE:BAJAJFINSV:EQ,BAJAJFINSV,2022-09-13,STOCK_SPLIT,0.2,0.2,5,VERIFIED_OFFICIAL,nse-ca-1ffab3a0a80257c1,PRICE_ADJUSTED_STRUCTURAL_V1,PARSED
NSE:BAJAJFINSV:EQ,BAJAJFINSV,2022-09-13,BONUS,0.5,0.1,2,VERIFIED_OFFICIAL,nse-ca-a1c443172cac2ec1,PRICE_ADJUSTED_STRUCTURAL_V1,PARSED
NSE:BAJFINANCE:EQ,BAJFINANCE,2025-06-16,BONUS,0.2,0.2,5,VERIFIED_OFFICIAL,nse-ca-1e2630f69a3844b4,PRICE_ADJUSTED_STRUCTURAL_V1,PARSED
NSE:BAJFINANCE:EQ,BAJFINANCE,2025-06-16,STOCK_SPLIT,0.5,0.1,2,VERIFIED_OFFICIAL,nse-ca-f52c4aaa10eb736a,PRICE_ADJUSTED_STRUCTURAL_V1,PARSED
NSE:BALAXI:EQ,BALAXI,2024-05-30,STOCK_SPLIT,0.2,0.2,5,VERIFIED_OFFICIAL,nse-ca-cb62c50cf898091a,PRICE_ADJUSTED_STRUCTURAL_V1,PARSED
NSE:BANCOINDIA:EQ,BANCOINDIA,2024-12-30,BONUS,0.5,0.5,2,VERIFIED_OFFICIAL,nse-ca-196dbe32a7c86053,PRICE_ADJUSTED_STRUCTURAL_V1,PARSED
NSE:BANSWRAS:EQ,BANSWRAS,2022-09-08,STOCK_SPLIT,0.5,0.5,2,VERIFIED_OFFICIAL,nse-ca-f21b995fd3bab991,PRICE_ADJUSTED_STRUCTURAL_V1,PARSED
NSE:BBL:EQ,BBL,2024-04-24,STOCK_SPLIT,0.5,0.5,2,VERIFIED_OFFICIAL,nse-ca-b263d354a25c48d9,PRICE_ADJUSTED_STRUCTURAL_V1,PARSED
NSE:BBOX:EQ,BBOX,2022-05-13,STOCK_SPLIT,0.2,0.2,5,VERIFIED_OFFICIAL,nse-ca-c4145acf0fa69660,PRICE_ADJUSTED_STRUCTURAL_V1,PARSED
NSE:BCG:EQ,BCG,2022-03-15,BONUS,0.6,0.6,1.666666666666666666666666667,VERIFIED_OFFICIAL,nse-ca-75719c020037b050,PRICE_ADJUSTED_STRUCTURAL_V1,PARSED
NSE:BCLIND:EQ,BCLIND,2023-10-27,STOCK_SPLIT,0.1,0.1,10,VERIFIED_OFFICIAL,nse-ca-ba2c2bd3d233cbfd,PRICE_ADJUSTED_STRUCTURAL_V1,PARSED
NSE:BDL:EQ,BDL,2024-05-24,STOCK_SPLIT,0.5,0.5,2,VERIFIED_OFFICIAL,nse-ca-46db8e0ae88b1fb5,PRICE_ADJUSTED_STRUCTURAL_V1,PARSED
NSE:BECTORFOOD:EQ,BECTORFOOD,2025-12-12,STOCK_SPLIT,0.2,0.2,5,VERIFIED_OFFICIAL,nse-ca-bfd0588db99b59c2,PRICE_ADJUSTED_STRUCTURAL_V1,PARSED
NSE:BEL:EQ,BEL,2022-09-15,BONUS,0.3333333333333333333333333333,0.3333333333333333333333333333,3,VERIFIED_OFFICIAL,nse-ca-55294e406ab71477,PRICE_ADJUSTED_STRUCTURAL_V1,PARSED
NSE:BEML:EQ,BEML,2025-11-03,STOCK_SPLIT,0.5,0.5,2,VERIFIED_OFFICIAL,nse-ca-9b50ee10f10e92f2,PRICE_ADJUSTED_STRUCTURAL_V1,PARSED
NSE:BEPL:EQ,BEPL,2023-07-05,BONUS,0.6666666666666666666666666667,0.6666666666666666666666666667,1.5,VERIFIED_OFFICIAL,nse-ca-c857860abd0f65c3,PRICE_ADJUSTED_STRUCTURAL_V1,PARSED
NSE:BERGEPAINT:EQ,BERGEPAINT,2023-09-22,BONUS,0.8333333333333333333333333333,0.8333333333333333333333333333,1.2,VERIFIED_OFFICIAL,nse-ca-8bf294749a56341d,PRICE_ADJUSTED_STRUCTURAL_V1,PARSED
NSE:BESTAGRO:EQ,BESTAGRO,2026-01-16,BONUS,0.6666666666666666666666666667,0.6666666666666666666666666667,1.5,VERIFIED_OFFICIAL,nse-ca-a6b4d16f6c50f23a,PRICE_ADJUSTED_STRUCTURAL_V1,PARSED
NSE:BESTAGRO:EQ,BESTAGRO,2026-01-16,STOCK_SPLIT,0.1,0.06666666666666666666666666667,10,VERIFIED_OFFICIAL,nse-ca-dee77acdbf1b085c,PRICE_ADJUSTED_STRUCTURAL_V1,PARSED
NSE:BHAGCHEM:EQ,BHAGCHEM,2024-05-02,STOCK_SPLIT,0.1,0.1,10,VERIFIED_OFFICIAL,nse-ca-874bc16eedefd4bf,PRICE_ADJUSTED_STRUCTURAL_V1,PARSED
NSE:BHARATGEAR:EQ,BHARATGEAR,2022-09-27,BONUS,0.6666666666666666666666666667,0.6666666666666666666666666667,1.5,VERIFIED_OFFICIAL,nse-ca-92ee8617065b7439,PRICE_ADJUSTED_STRUCTURAL_V1,PARSED
NSE:BHARATRAS:EQ,BHARATRAS,2025-12-12,STOCK_SPLIT,0.5,0.5,2,VERIFIED_OFFICIAL,nse-ca-119616169886fc8b,PRICE_ADJUSTED_STRUCTURAL_V1,PARSED
NSE:BHARATRAS:EQ,BHARATRAS,2025-12-12,BONUS,0.5,0.25,2,VERIFIED_OFFICIAL,nse-ca-a32fb8c7b379a704,PRICE_ADJUSTED_STRUCTURAL_V1,PARSED
NSE:BIGBLOC:EQ,BIGBLOC,2021-11-15,STOCK_SPLIT,0.2,0.1,5,VERIFIED_OFFICIAL,nse-ca-a71b14c5fc7309a8,PRICE_ADJUSTED_STRUCTURAL_V1,PARSED
NSE:BIGBLOC:EQ,BIGBLOC,2024-09-12,BONUS,0.5,0.5,2,VERIFIED_OFFICIAL,nse-ca-4c8b044456fc267d,PRICE_ADJUSTED_STRUCTURAL_V1,PARSED
NSE:BLS:EQ,BLS,2022-05-13,BONUS,0.5,0.25,2,VERIFIED_OFFICIAL,nse-ca-076ffa92cc7fafd0,PRICE_ADJUSTED_STRUCTURAL_V1,PARSED
NSE:BLS:EQ,BLS,2022-12-08,BONUS,0.5,0.5,2,VERIFIED_OFFICIAL,nse-ca-d9e14336aea65e2d,PRICE_ADJUSTED_STRUCTURAL_V1,PARSED
NSE:BLUESTARCO:EQ,BLUESTARCO,2023-06-20,BONUS,0.5,0.5,2,VERIFIED_OFFICIAL,nse-ca-1cd77e91238dbd49,PRICE_ADJUSTED_STRUCTURAL_V1,PARSED
NSE:BPCL:EQ,BPCL,2024-06-21,BONUS,0.5,0.5,2,VERIFIED_OFFICIAL,nse-ca-31e30e73ff444cc6,PRICE_ADJUSTED_STRUCTURAL_V1,PARSED
NSE:BRIGADE:EQ,BRIGADE,2026-06-17,BONUS,0.75,0.75,1.333333333333333333333333333,VERIFIED_OFFICIAL,nse-ca-5c9cb3cf0e50a455,PRICE_ADJUSTED_STRUCTURAL_V1,PARSED
NSE:BSE:EQ,BSE,2022-03-21,BONUS,0.3333333333333333333333333333,0.1111111111111111111111111111,3,VERIFIED_OFFICIAL,nse-ca-277fd45f675ce03a,PRICE_ADJUSTED_STRUCTURAL_V1,PARSED
NSE:BSE:EQ,BSE,2025-05-23,BONUS,0.3333333333333333333333333333,0.3333333333333333333333333333,3,VERIFIED_OFFICIAL,nse-ca-f1cedebbfcff7e7c,PRICE_ADJUSTED_STRUCTURAL_V1,PARSED
NSE:BSHSL:EQ,BSHSL,2022-09-23,STOCK_SPLIT,0.1,0.1,10,VERIFIED_OFFICIAL,nse-ca-6cd6a0af3c6bf0d1,PRICE_ADJUSTED_STRUCTURAL_V1,PARSED
NSE:BTML:EQ,BTML,2024-04-05,STOCK_SPLIT,0.1,0.1,10,VERIFIED_OFFICIAL,nse-ca-edc04b0df8ade4c3,PRICE_ADJUSTED_STRUCTURAL_V1,PARSED
NSE:CAMS:EQ,CAMS,2025-12-05,STOCK_SPLIT,0.2,0.2,5,VERIFIED_OFFICIAL,nse-ca-3be369fca43a639e,PRICE_ADJUSTED_STRUCTURAL_V1,PARSED
NSE:CANBK:EQ,CANBK,2024-05-15,STOCK_SPLIT,0.2,0.2,5,VERIFIED_OFFICIAL,nse-ca-fa4b87c33a56fd41,PRICE_ADJUSTED_STRUCTURAL_V1,PARSED
NSE:CANTABIL:EQ,CANTABIL,2023-11-02,STOCK_SPLIT,0.2,0.2,5,VERIFIED_OFFICIAL,nse-ca-b509a152f0bde18c,PRICE_ADJUSTED_STRUCTURAL_V1,PARSED
NSE:CCAVENUE:EQ,CCAVENUE,2022-03-14,BONUS,0.5,0.5,2,VERIFIED_OFFICIAL,nse-ca-db6917791165c9fc,PRICE_ADJUSTED_STRUCTURAL_V1,PARSED
NSE:CDSL:EQ,CDSL,2024-08-23,BONUS,0.5,0.5,2,VERIFIED_OFFICIAL,nse-ca-329a240481b92aca,PRICE_ADJUSTED_STRUCTURAL_V1,PARSED
NSE:CESC:EQ,CESC,2021-09-17,STOCK_SPLIT,0.1,0.1,10,VERIFIED_OFFICIAL,nse-ca-76d2f8defeb13bb8,PRICE_ADJUSTED_STRUCTURAL_V1,PARSED
NSE:CGCL:EQ,CGCL,2024-03-05,BONUS,0.5,0.5,2,VERIFIED_OFFICIAL,nse-ca-0cc47359a59ec085,PRICE_ADJUSTED_STRUCTURAL_V1,PARSED
NSE:CGCL:EQ,CGCL,2024-03-05,STOCK_SPLIT,0.5,0.25,2,VERIFIED_OFFICIAL,nse-ca-61dd349082f7168d,PRICE_ADJUSTED_STRUCTURAL_V1,PARSED
NSE:CHOICEIN:EQ,CHOICEIN,2022-09-22,BONUS,0.5,0.25,2,VERIFIED_OFFICIAL,nse-ca-792f95434b484369,PRICE_ADJUSTED_STRUCTURAL_V1,PARSED
NSE:CHOICEIN:EQ,CHOICEIN,2024-02-20,BONUS,0.5,0.5,2,VERIFIED_OFFICIAL,nse-ca-a70014040a7c3879,PRICE_ADJUSTED_STRUCTURAL_V1,PARSED
NSE:CLEDUCATE:EQ,CLEDUCATE,2021-09-30,STOCK_SPLIT,0.5,0.25,2,VERIFIED_OFFICIAL,nse-ca-6e667cc06d265f4b,PRICE_ADJUSTED_STRUCTURAL_V1,PARSED
NSE:CLEDUCATE:EQ,CLEDUCATE,2022-12-16,BONUS,0.5,0.5,2,VERIFIED_OFFICIAL,nse-ca-235dced141b568cb,PRICE_ADJUSTED_STRUCTURAL_V1,PARSED
NSE:COASTCORP:EQ,COASTCORP,2025-03-04,STOCK_SPLIT,0.2,0.2,5,VERIFIED_OFFICIAL,nse-ca-33e88829df738f3f,PRICE_ADJUSTED_STRUCTURAL_V1,PARSED
NSE:COCHINSHIP:EQ,COCHINSHIP,2024-01-10,STOCK_SPLIT,0.5,0.5,2,VERIFIED_OFFICIAL,nse-ca-3dad63877110bfd7,PRICE_ADJUSTED_STRUCTURAL_V1,PARSED
NSE:COFORGE:EQ,COFORGE,2025-06-04,STOCK_SPLIT,0.2,0.2,5,VERIFIED_OFFICIAL,nse-ca-276aaecaf238489b,PRICE_ADJUSTED_STRUCTURAL_V1,PARSED
NSE:CONCOR:EQ,CONCOR,2025-07-04,BONUS,0.8,0.8,1.25,VERIFIED_OFFICIAL,nse-ca-225e4e1994b6ce48,PRICE_ADJUSTED_STRUCTURAL_V1,PARSED
NSE:CORDELIA:EQ,CORDELIA,2026-08-25,STOCK_SPLIT,0.1,0.1,10,VERIFIED_OFFICIAL,nse-ca-ce50cfdebc0f20c3,PRICE_ADJUSTED_STRUCTURAL_V1,PARSED
NSE:COSMOFIRST:EQ,COSMOFIRST,2022-06-16,BONUS,0.6666666666666666666666666667,0.6666666666666666666666666667,1.5,VERIFIED_OFFICIAL,nse-ca-b92aa232ae0b8b30,PRICE_ADJUSTED_STRUCTURAL_V1,PARSED
NSE:CUB:EQ,CUB,2026-06-12,BONUS,0.75,0.75,1.333333333333333333333333333,VERIFIED_OFFICIAL,nse-ca-55f6b54c47038611,PRICE_ADJUSTED_STRUCTURAL_V1,PARSED
NSE:CUPID:EQ,CUPID,2024-04-04,STOCK_SPLIT,0.1,0.02,10,VERIFIED_OFFICIAL,nse-ca-0f9a40c88613bef7,PRICE_ADJUSTED_STRUCTURAL_V1,PARSED
NSE:CUPID:EQ,CUPID,2024-04-04,BONUS,0.5,0.01,2,VERIFIED_OFFICIAL,nse-ca-7da43fadc2226ef8,PRICE_ADJUSTED_STRUCTURAL_V1,PARSED
NSE:CUPID:EQ,CUPID,2026-03-09,BONUS,0.2,0.2,5,VERIFIED_OFFICIAL,nse-ca-c21675373c79569c,PRICE_ADJUSTED_STRUCTURAL_V1,PARSED
NSE:DANGEE:EQ,DANGEE,2022-09-06,STOCK_SPLIT,0.1,0.1,10,VERIFIED_OFFICIAL,nse-ca-3d3c3f6ed370c336,PRICE_ADJUSTED_STRUCTURAL_V1,PARSED
NSE:DANGEE:EQ,DANGEE,2022-09-06,BONUS,0.6666666666666666666666666667,0.06666666666666666666666666667,1.5,VERIFIED_OFFICIAL,nse-ca-668d19c0e019a75d,PRICE_ADJUSTED_STRUCTURAL_V1,PARSED
NSE:DAVANGERE:EQ,DAVANGERE,2024-05-31,STOCK_SPLIT,0.1,0.1,10,VERIFIED_OFFICIAL,nse-ca-42c7da207a10e43a,PRICE_ADJUSTED_STRUCTURAL_V1,PARSED
NSE:DBEIL:EQ,DBEIL,2026-06-19,STOCK_SPLIT,0.1,0.1,10,VERIFIED_OFFICIAL,nse-ca-ce64d2d2e2791a82,PRICE_ADJUSTED_STRUCTURAL_V1,PARSED
NSE:DEEPINDS:EQ,DEEPINDS,2023-04-10,STOCK_SPLIT,0.5,0.5,2,VERIFIED_OFFICIAL,nse-ca-7a9ada83cb19e391,PRICE_ADJUSTED_STRUCTURAL_V1,PARSED
NSE:DELPHIFX:EQ,DELPHIFX,2026-02-13,BONUS,0.3333333333333333333333333333,0.3333333333333333333333333333,3,VERIFIED_OFFICIAL,nse-ca-373b943e48cd71be,PRICE_ADJUSTED_STRUCTURAL_V1,PARSED
NSE:DELPHIFX:EQ,DELPHIFX,2026-02-13,STOCK_SPLIT,0.2,0.06666666666666666666666666666,5,VERIFIED_OFFICIAL,nse-ca-b8a239680f27826b,PRICE_ADJUSTED_STRUCTURAL_V1,PARSED
NSE:DEVIT:EQ,DEVIT,2022-11-25,STOCK_SPLIT,0.5,0.2,2,VERIFIED_OFFICIAL,nse-ca-f5a40dff4460bc1d,PRICE_ADJUSTED_STRUCTURAL_V1,PARSED
NSE:DEVIT:EQ,DEVIT,2025-08-21,STOCK_SPLIT,0.4,0.4,2.5,VERIFIED_OFFICIAL,nse-ca-fb70f2539ef20029,PRICE_ADJUSTED_STRUCTURAL_V1,PARSED
NSE:DHARAN:EQ,DHARAN,2025-04-04,BONUS,0.5,0.5,2,VERIFIED_OFFICIAL,nse-ca-ca78fedaa1c767e3,PRICE_ADJUSTED_STRUCTURAL_V1,PARSED
NSE:DIACABS:EQ,DIACABS,2024-12-03,STOCK_SPLIT,0.1,0.1,10,VERIFIED_OFFICIAL,nse-ca-2fddbc599a8e6ab9,PRICE_ADJUSTED_STRUCTURAL_V1,PARSED
NSE:DIL:EQ,DIL,2022-10-27,BONUS,0.5,0.5,2,VERIFIED_OFFICIAL,nse-ca-58217fad181b3ea0,PRICE_ADJUSTED_STRUCTURAL_V1,PARSED
NSE:DJML:EQ,DJML,2024-08-09,BONUS,0.3333333333333333333333333333,0.3333333333333333333333333333,3,VERIFIED_OFFICIAL,nse-ca-37528b162d449e86,PRICE_ADJUSTED_STRUCTURAL_V1,PARSED
NSE:DOLPHIN:EQ,DOLPHIN,2024-01-25,STOCK_SPLIT,0.1,0.1,10,VERIFIED_OFFICIAL,nse-ca-8e3c288c16ad6747,PRICE_ADJUSTED_STRUCTURAL_V1,PARSED
NSE:DPWIRES:EQ,DPWIRES,2023-11-08,BONUS,0.875,0.875,1.142857142857142857142857143,VERIFIED_OFFICIAL,nse-ca-8c5da803532b9aa5,PRICE_ADJUSTED_STRUCTURAL_V1,PARSED
NSE:DRCSYSTEMS:EQ,DRCSYSTEMS,2022-03-16,STOCK_SPLIT,0.1,0.03333333333333333333333333333,10,VERIFIED_OFFICIAL,nse-ca-24bfec60d41b2aa2,PRICE_ADJUSTED_STRUCTURAL_V1,PARSED
NSE:DRCSYSTEMS:EQ,DRCSYSTEMS,2024-02-27,BONUS,0.3333333333333333333333333333,0.3333333333333333333333333333,3,VERIFIED_OFFICIAL,nse-ca-65b7f4fb707a1cf7,PRICE_ADJUSTED_STRUCTURAL_V1,PARSED
NSE:DRREDDY:EQ,DRREDDY,2024-10-28,STOCK_SPLIT,0.2,0.2,5,VERIFIED_OFFICIAL,nse-ca-0d54ef92e146fac3,PRICE_ADJUSTED_STRUCTURAL_V1,PARSED
NSE:DUCON:EQ,DUCON,2022-04-18,BONUS,0.9090909090909090909090909091,0.9090909090909090909090909091,1.1,VERIFIED_OFFICIAL,nse-ca-6b25b155db064c5d,PRICE_ADJUSTED_STRUCTURAL_V1,PARSED
NSE:DYCL:EQ,DYCL,2025-07-11,BONUS,0.5,0.5,2,VERIFIED_OFFICIAL,nse-ca-09e50ccd710730fa,PRICE_ADJUSTED_STRUCTURAL_V1,PARSED
NSE:E2E:EQ,E2E,2026-06-05,STOCK_SPLIT,0.1,0.1,10,VERIFIED_OFFICIAL,nse-ca-80f0763c27791ead,PRICE_ADJUSTED_STRUCTURAL_V1,PARSED
NSE:EASEMYTRIP:EQ,EASEMYTRIP,2022-02-28,BONUS,0.5,0.03125,2,VERIFIED_OFFICIAL,nse-ca-b43ffe2eb846681b,PRICE_ADJUSTED_STRUCTURAL_V1,PARSED
NSE:EASEMYTRIP:EQ,EASEMYTRIP,2022-11-21,STOCK_SPLIT,0.5,0.25,2,VERIFIED_OFFICIAL,nse-ca-ccf3920bc1369e69,PRICE_ADJUSTED_STRUCTURAL_V1,PARSED
NSE:EASEMYTRIP:EQ,EASEMYTRIP,2022-11-21,BONUS,0.25,0.0625,4,VERIFIED_OFFICIAL,nse-ca-f1adb264e2d07b52,PRICE_ADJUSTED_STRUCTURAL_V1,PARSED
NSE:EASEMYTRIP:EQ,EASEMYTRIP,2024-11-29,BONUS,0.5,0.5,2,VERIFIED_OFFICIAL,nse-ca-8d75e1e00ead8ada,PRICE_ADJUSTED_STRUCTURAL_V1,PARSED
NSE:ECLERX:EQ,ECLERX,2022-09-21,BONUS,0.6666666666666666666666666667,0.3333333333333333333333333334,1.5,VERIFIED_OFFICIAL,nse-ca-61fff16e7c8e0e7b,PRICE_ADJUSTED_STRUCTURAL_V1,PARSED
NSE:ECLERX:EQ,ECLERX,2026-03-13,BONUS,0.5,0.5,2,VERIFIED_OFFICIAL,nse-ca-2fe5a616961e02e7,PRICE_ADJUSTED_STRUCTURAL_V1,PARSED
NSE:EIHAHOTELS:EQ,EIHAHOTELS,2024-08-13,BONUS,0.5,0.5,2,VERIFIED_OFFICIAL,nse-ca-52c37efff9bb2cc9,PRICE_ADJUSTED_STRUCTURAL_V1,PARSED
NSE:ELECON:EQ,ELECON,2024-07-19,STOCK_SPLIT,0.5,0.5,2,VERIFIED_OFFICIAL,nse-ca-649d116d9e2c145a,PRICE_ADJUSTED_STRUCTURAL_V1,PARSED
NSE:ESSENTIA:EQ,ESSENTIA,2022-02-03,STOCK_SPLIT,0.3333333333333333333333333333,0.1666666666666666666666666666,3,VERIFIED_OFFICIAL,nse-ca-464c08d25d84668e,PRICE_ADJUSTED_STRUCTURAL_V1,PARSED
NSE:ESSENTIA:EQ,ESSENTIA,2024-01-11,BONUS,0.5,0.5,2,VERIFIED_OFFICIAL,nse-ca-7e6802ccdfd682d0,PRICE_ADJUSTED_STRUCTURAL_V1,PARSED
NSE:EXXARO:EQ,EXXARO,2024-12-13,STOCK_SPLIT,0.1,0.1,10,VERIFIED_OFFICIAL,nse-ca-dc56dd4ce0e56ea7,PRICE_ADJUSTED_STRUCTURAL_V1,PARSED
NSE:FCL:EQ,FCL,2025-10-31,STOCK_SPLIT,0.5,0.5,2,VERIFIED_OFFICIAL,nse-ca-1f3a1499c23baf71,PRICE_ADJUSTED_STRUCTURAL_V1,PARSED
NSE:FCL:EQ,FCL,2025-10-31,BONUS,0.2,0.1,5,VERIFIED_OFFICIAL,nse-ca-8925e34ecd003a9d,PRICE_ADJUSTED_STRUCTURAL_V1,PARSED
NSE:FIEMIND:EQ,FIEMIND,2024-02-28,BONUS,0.5,0.5,2,VERIFIED_OFFICIAL,nse-ca-be6d64afb085dabf,PRICE_ADJUSTED_STRUCTURAL_V1,PARSED
NSE:FILATEX:EQ,FILATEX,2022-12-27,STOCK_SPLIT,0.5,0.5,2,VERIFIED_OFFICIAL,nse-ca-1e5e57ca3bac07fa,PRICE_ADJUSTED_STRUCTURAL_V1,PARSED
NSE:FILATFASH:EQ,FILATFASH,2024-08-09,STOCK_SPLIT,0.2,0.2,5,VERIFIED_OFFICIAL,nse-ca-91f28192ef845bd6,PRICE_ADJUSTED_STRUCTURAL_V1,PARSED
NSE:FISCHER:EQ,FISCHER,2025-09-12,STOCK_SPLIT,0.1,0.1,10,VERIFIED_OFFICIAL,nse-ca-77bc9b4d0c9055ad,PRICE_ADJUSTED_STRUCTURAL_V1,PARSED
NSE:FOCUS:EQ,FOCUS,2023-10-06,STOCK_SPLIT,0.2,0.2,5,VERIFIED_OFFICIAL,nse-ca-ebd5cd00e2e53e94,PRICE_ADJUSTED_STRUCTURAL_V1,PARSED
NSE:GAEL:EQ,GAEL,2024-03-15,BONUS,0.5,0.5,2,VERIFIED_OFFICIAL,nse-ca-f9a83fa0e55d9b8e,PRICE_ADJUSTED_STRUCTURAL_V1,PARSED
NSE:GAIL:EQ,GAIL,2022-09-06,BONUS,0.6666666666666666666666666667,0.6666666666666666666666666667,1.5,VERIFIED_OFFICIAL,nse-ca-9960a0de3e69e729,PRICE_ADJUSTED_STRUCTURAL_V1,PARSED
NSE:GANGAFORGE:EQ,GANGAFORGE,2021-09-13,STOCK_SPLIT,0.1,0.1,10,VERIFIED_OFFICIAL,nse-ca-754d018386067c76,PRICE_ADJUSTED_STRUCTURAL_V1,PARSED
NSE:GARFIBRES:EQ,GARFIBRES,2025-01-03,BONUS,0.2,0.2,5,VERIFIED_OFFICIAL,nse-ca-35ef20959408da16,PRICE_ADJUSTED_STRUCTURAL_V1,PARSED
NSE:GEEKAYWIRE:EQ,GEEKAYWIRE,2023-10-23,STOCK_SPLIT,0.2,0.1,5,VERIFIED_OFFICIAL,nse-ca-607355d996f610ee,PRICE_ADJUSTED_STRUCTURAL_V1,PARSED
NSE:GEEKAYWIRE:EQ,GEEKAYWIRE,2025-10-30,STOCK_SPLIT,0.5,0.5,2,VERIFIED_OFFICIAL,nse-ca-6732e0cc214be4e2,PRICE_ADJUSTED_STRUCTURAL_V1,PARSED
NSE:GENSOL:EQ,GENSOL,2023-10-17,BONUS,0.3333333333333333333333333333,0.3333333333333333333333333333,3,VERIFIED_OFFICIAL,nse-ca-fc37082325cdedc8,PRICE_ADJUSTED_STRUCTURAL_V1,PARSED
NSE:GLOBAL:EQ,GLOBAL,2022-10-19,STOCK_SPLIT,0.5,0.2,2,VERIFIED_OFFICIAL,nse-ca-d76dd500f1bcdb9a,PRICE_ADJUSTED_STRUCTURAL_V1,PARSED
NSE:GLOBAL:EQ,GLOBAL,2024-12-10,STOCK_SPLIT,0.4,0.4,2.5,VERIFIED_OFFICIAL,nse-ca-fc8db076d923f21b,PRICE_ADJUSTED_STRUCTURAL_V1,PARSED
NSE:GMBREW:EQ,GMBREW,2024-05-24,BONUS,0.8,0.8,1.25,VERIFIED_OFFICIAL,nse-ca-b95d5976b740b08b,PRICE_ADJUSTED_STRUCTURAL_V1,PARSED
NSE:GMMPFAUDLR:EQ,GMMPFAUDLR,2022-07-11,BONUS,0.3333333333333333333333333333,0.3333333333333333333333333333,3,VERIFIED_OFFICIAL,nse-ca-65bf17e5a7ee004a,PRICE_ADJUSTED_STRUCTURAL_V1,PARSED
NSE:GNA:EQ,GNA,2023-09-01,BONUS,0.5,0.5,2,VERIFIED_OFFICIAL,nse-ca-065ddbc1aae02670,PRICE_ADJUSTED_STRUCTURAL_V1,PARSED
NSE:GODFRYPHLP:EQ,GODFRYPHLP,2025-09-16,BONUS,0.3333333333333333333333333333,0.3333333333333333333333333333,3,VERIFIED_OFFICIAL,nse-ca-e287fb67f4e7ee05,PRICE_ADJUSTED_STRUCTURAL_V1,PARSED
NSE:GOKULAGRO:EQ,GOKULAGRO,2025-10-14,STOCK_SPLIT,0.5,0.5,2,VERIFIED_OFFICIAL,nse-ca-4ab2e20bf42929f4,PRICE_ADJUSTED_STRUCTURAL_V1,PARSED
NSE:GOLDIAM:EQ,GOLDIAM,2022-03-28,STOCK_SPLIT,0.2,0.15,5,VERIFIED_OFFICIAL,nse-ca-91e63a2544c1aa34,PRICE_ADJUSTED_STRUCTURAL_V1,PARSED
NSE:GOLDIAM:EQ,GOLDIAM,2026-07-10,BONUS,0.75,0.75,1.333333333333333333333333333,VERIFIED_OFFICIAL,nse-ca-d01596aa055bd0ca,PRICE_ADJUSTED_STRUCTURAL_V1,PARSED
NSE:GOODLUCK:EQ,GOODLUCK,2026-08-21,BONUS,0.3333333333333333333333333333,0.3333333333333333333333333333,3,VERIFIED_OFFICIAL,nse-ca-2c9233ddaa196f72,PRICE_ADJUSTED_STRUCTURAL_V1,PARSED
NSE:GOYALALUM:EQ,GOYALALUM,2023-04-25,STOCK_SPLIT,0.1,0.1,10,VERIFIED_OFFICIAL,nse-ca-38d5c1040671cc82,PRICE_ADJUSTED_STRUCTURAL_V1,PARSED
NSE:GPIL:EQ,GPIL,2021-10-26,BONUS,0.5,0.1,2,VERIFIED_OFFICIAL,nse-ca-3ccf85841c953533,PRICE_ADJUSTED_STRUCTURAL_V1,PARSED
NSE:GPIL:EQ,GPIL,2021-10-26,STOCK_SPLIT,0.5,0.05,2,VERIFIED_OFFICIAL,nse-ca-a2593671bb29f6c3,PRICE_ADJUSTED_STRUCTURAL_V1,PARSED
NSE:GPIL:EQ,GPIL,2024-10-04,STOCK_SPLIT,0.2,0.2,5,VERIFIED_OFFICIAL,nse-ca-b89b3f2ac3284361,PRICE_ADJUSTED_STRUCTURAL_V1,PARSED
NSE:GPTINFRA:EQ,GPTINFRA,2022-11-11,BONUS,0.5,0.25,2,VERIFIED_OFFICIAL,nse-ca-1b11a802ab824bbf,PRICE_ADJUSTED_STRUCTURAL_V1,PARSED
NSE:GPTINFRA:EQ,GPTINFRA,2024-07-03,BONUS,0.5,0.5,2,VERIFIED_OFFICIAL,nse-ca-7a519ffb5a3d2e3f,PRICE_ADJUSTED_STRUCTURAL_V1,PARSED
NSE:GREENLAM:EQ,GREENLAM,2022-02-10,STOCK_SPLIT,0.2,0.1,5,VERIFIED_OFFICIAL,nse-ca-9ff82ce76e7ecaf3,PRICE_ADJUSTED_STRUCTURAL_V1,PARSED
NSE:GREENLAM:EQ,GREENLAM,2025-03-21,BONUS,0.5,0.5,2,VERIFIED_OFFICIAL,nse-ca-a048f67a0f60fd8c,PRICE_ADJUSTED_STRUCTURAL_V1,PARSED
NSE:GRMOVER:EQ,GRMOVER,2025-12-24,BONUS,0.3333333333333333333333333333,0.3333333333333333333333333333,3,VERIFIED_OFFICIAL,nse-ca-207781be00521bdb,PRICE_ADJUSTED_STRUCTURAL_V1,PARSED
NSE:GRPLTD:EQ,GRPLTD,2024-08-12,BONUS,0.25,0.25,4,VERIFIED_OFFICIAL,nse-ca-39409f76f86743fa,PRICE_ADJUSTED_STRUCTURAL_V1,PARSED
NSE:GULPOLY:EQ,GULPOLY,2023-06-21,BONUS,0.8333333333333333333333333333,0.8333333333333333333333333333,1.2,VERIFIED_OFFICIAL,nse-ca-6eed4edd8df37359,PRICE_ADJUSTED_STRUCTURAL_V1,PARSED
NSE:GVPTECH:EQ,GVPTECH,2023-01-23,STOCK_SPLIT,0.2,0.2,5,VERIFIED_OFFICIAL,nse-ca-8254bed816b6804e,PRICE_ADJUSTED_STRUCTURAL_V1,PARSED
NSE:HAL:EQ,HAL,2023-09-28,STOCK_SPLIT,0.5,0.5,2,VERIFIED_OFFICIAL,nse-ca-410dd9644a580c3f,PRICE_ADJUSTED_STRUCTURAL_V1,PARSED
NSE:HARDWYN:EQ,HARDWYN,2022-07-25,BONUS,0.6666666666666666666666666667,0.02551020408163265306122448979,1.5,VERIFIED_OFFICIAL,nse-ca-46f25b57ffe5d623,PRICE_ADJUSTED_STRUCTURAL_V1,PARSED
NSE:HARDWYN:EQ,HARDWYN,2023-06-05,STOCK_SPLIT,0.1,0.05102040816326530612244897959,10,VERIFIED_OFFICIAL,nse-ca-205c79f264e3ddc8,PRICE_ADJUSTED_STRUCTURAL_V1,PARSED
NSE:HARDWYN:EQ,HARDWYN,2023-06-05,BONUS,0.75,0.03826530612244897959183673469,1.333333333333333333333333333,VERIFIED_OFFICIAL,nse-ca-39e711258782929d,PRICE_ADJUSTED_STRUCTURAL_V1,PARSED
NSE:HARDWYN:EQ,HARDWYN,2024-12-27,BONUS,0.7142857142857142857142857143,0.5102040816326530612244897959,1.4,VERIFIED_OFFICIAL,nse-ca-6ee89034b5f23333,PRICE_ADJUSTED_STRUCTURAL_V1,PARSED
NSE:HARDWYN:EQ,HARDWYN,2026-07-28,BONUS,0.7142857142857142857142857143,0.7142857142857142857142857143,1.4,VERIFIED_OFFICIAL,nse-ca-1eeecdf761aa3f71,PRICE_ADJUSTED_STRUCTURAL_V1,PARSED
NSE:HDFCAMC:EQ,HDFCAMC,2025-11-26,BONUS,0.5,0.5,2,VERIFIED_OFFICIAL,nse-ca-b63bef76af5373d9,PRICE_ADJUSTED_STRUCTURAL_V1,PARSED
NSE:HDFCBANK:EQ,HDFCBANK,2025-08-26,BONUS,0.5,0.5,2,VERIFIED_OFFICIAL,nse-ca-c1d6768b3544bb8c,PRICE_ADJUSTED_STRUCTURAL_V1,PARSED
NSE:HEG:EQ,HEG,2024-10-18,STOCK_SPLIT,0.2,0.2,5,VERIFIED_OFFICIAL,nse-ca-a0a159395416689d,PRICE_ADJUSTED_STRUCTURAL_V1,PARSED
NSE:HGS:EQ,HGS,2022-02-22,BONUS,0.5,0.5,2,VERIFIED_OFFICIAL,nse-ca-ea5656fb399a2745,PRICE_ADJUSTED_STRUCTURAL_V1,PARSED
NSE:HINDCON:EQ,HINDCON,2023-11-10,STOCK_SPLIT,0.2,0.2,5,VERIFIED_OFFICIAL,nse-ca-32c5931f873c42c2,PRICE_ADJUSTED_STRUCTURAL_V1,PARSED
NSE:HINDPETRO:EQ,HINDPETRO,2024-06-21,BONUS,0.6666666666666666666666666667,0.6666666666666666666666666667,1.5,VERIFIED_OFFICIAL,nse-ca-e33e41741315347c,PRICE_ADJUSTED_STRUCTURAL_V1,PARSED
NSE:HIRECT:EQ,HIRECT,2026-03-27,BONUS,0.5,0.5,2,VERIFIED_OFFICIAL,nse-ca-6058774a9fad5d4f,PRICE_ADJUSTED_STRUCTURAL_V1,PARSED
NSE:HITECH:EQ,HITECH,2023-03-17,STOCK_SPLIT,0.1,0.1,10,VERIFIED_OFFICIAL,nse-ca-629ae80fe04d5b30,PRICE_ADJUSTED_STRUCTURAL_V1,PARSED
NSE:HLEGLAS:EQ,HLEGLAS,2022-10-18,STOCK_SPLIT,0.2,0.2,5,VERIFIED_OFFICIAL,nse-ca-383d764dd5d87be5,PRICE_ADJUSTED_STRUCTURAL_V1,PARSED
NSE:HMAAGRO:EQ,HMAAGRO,2023-12-29,STOCK_SPLIT,0.1,0.1,10,VERIFIED_OFFICIAL,nse-ca-1aac5a564de553da,PRICE_ADJUSTED_STRUCTURAL_V1,PARSED
NSE:HNDFDS:EQ,HNDFDS,2022-07-21,STOCK_SPLIT,0.2,0.2,5,VERIFIED_OFFICIAL,nse-ca-3b462f14065d1189,PRICE_ADJUSTED_STRUCTURAL_V1,PARSED
NSE:HPAL:EQ,HPAL,2023-11-09,STOCK_SPLIT,0.2,0.2,5,VERIFIED_OFFICIAL,nse-ca-a2da9083c24b80cb,PRICE_ADJUSTED_STRUCTURAL_V1,PARSED
NSE:IEX:EQ,IEX,2021-12-03,BONUS,0.3333333333333333333333333333,0.3333333333333333333333333333,3,VERIFIED_OFFICIAL,nse-ca-b2b48984fab4a5bd,PRICE_ADJUSTED_STRUCTURAL_V1,PARSED
NSE:IFGLEXPOR:EQ,IFGLEXPOR,2025-07-18,BONUS,0.5,0.5,2,VERIFIED_OFFICIAL,nse-ca-d5a0f57a2469a01a,PRICE_ADJUSTED_STRUCTURAL_V1,PARSED
NSE:IGL:EQ,IGL,2025-01-31,BONUS,0.5,0.5,2,VERIFIED_OFFICIAL,nse-ca-0092b556bcf1b59d,PRICE_ADJUSTED_STRUCTURAL_V1,PARSED
NSE:IMFA:EQ,IMFA,2022-01-07,BONUS,0.5,0.5,2,VERIFIED_OFFICIAL,nse-ca-4d09cc725e643028,PRICE_ADJUSTED_STRUCTURAL_V1,PARSED
NSE:INDIAGLYCO:EQ,INDIAGLYCO,2025-08-12,STOCK_SPLIT,0.5,0.5,2,VERIFIED_OFFICIAL,nse-ca-26c7513c887ebe60,PRICE_ADJUSTED_STRUCTURAL_V1,PARSED
NSE:INDIAMART:EQ,INDIAMART,2023-06-21,BONUS,0.5,0.5,2,VERIFIED_OFFICIAL,nse-ca-b798d5f7cdd5d324,PRICE_ADJUSTED_STRUCTURAL_V1,PARSED
NSE:INDOTHAI:EQ,INDOTHAI,2025-07-18,STOCK_SPLIT,0.1,0.1,10,VERIFIED_OFFICIAL,nse-ca-03bafe9c59ae3dcf,PRICE_ADJUSTED_STRUCTURAL_V1,PARSED
NSE:INFOBEAN:EQ,INFOBEAN,2026-02-27,BONUS,0.25,0.25,4,VERIFIED_OFFICIAL,nse-ca-bc39e5704ffbf182,PRICE_ADJUSTED_STRUCTURAL_V1,PARSED
NSE:INOXWIND:EQ,INOXWIND,2024-05-24,BONUS,0.25,0.25,4,VERIFIED_OFFICIAL,nse-ca-0dc9a5057c0eee24,PRICE_ADJUSTED_STRUCTURAL_V1,PARSED
NSE:INSECTICID:EQ,INSECTICID,2022-09-30,BONUS,0.6666666666666666666666666667,0.6666666666666666666666666667,1.5,VERIFIED_OFFICIAL,nse-ca-72a1210bc974d3c3,PRICE_ADJUSTED_STRUCTURAL_V1,PARSED
NSE:IOC:EQ,IOC,2022-06-30,BONUS,0.6666666666666666666666666667,0.6666666666666666666666666667,1.5,VERIFIED_OFFICIAL,nse-ca-3a549383c1b46c30,PRICE_ADJUSTED_STRUCTURAL_V1,PARSED
NSE:IOLCP:EQ,IOLCP,2025-03-11,STOCK_SPLIT,0.2,0.2,5,VERIFIED_OFFICIAL,nse-ca-bc29acc57e696d1a,PRICE_ADJUSTED_STRUCTURAL_V1,PARSED
NSE:IONEXCHANG:EQ,IONEXCHANG,2023-06-12,STOCK_SPLIT,0.1,0.1,10,VERIFIED_OFFICIAL,nse-ca-6c811e4bcd22dca7,PRICE_ADJUSTED_STRUCTURAL_V1,PARSED
NSE:IPCALAB:EQ,IPCALAB,2022-01-10,STOCK_SPLIT,0.5,0.5,2,VERIFIED_OFFICIAL,nse-ca-9b95a6fd133f8230,PRICE_ADJUSTED_STRUCTURAL_V1,PARSED
NSE:IRB:EQ,IRB,2023-02-22,STOCK_SPLIT,0.1,0.05,10,VERIFIED_OFFICIAL,nse-ca-455c5dd4dfd7890c,PRICE_ADJUSTED_STRUCTURAL_V1,PARSED
NSE:IRB:EQ,IRB,2026-03-30,BONUS,0.5,0.5,2,VERIFIED_OFFICIAL,nse-ca-e91844c981de95f0,PRICE_ADJUSTED_STRUCTURAL_V1,PARSED
NSE:IRCTC:EQ,IRCTC,2021-10-28,STOCK_SPLIT,0.2,0.2,5,VERIFIED_OFFICIAL,nse-ca-574ba0a96a5a83f4,PRICE_ADJUSTED_STRUCTURAL_V1,PARSED
NSE:IRISDOREME:EQ,IRISDOREME,2023-08-11,STOCK_SPLIT,0.2,0.1,5,VERIFIED_OFFICIAL,nse-ca-310195f140bd5461,PRICE_ADJUSTED_STRUCTURAL_V1,PARSED
NSE:IRISDOREME:EQ,IRISDOREME,2025-07-04,BONUS,0.5,0.5,2,VERIFIED_OFFICIAL,nse-ca-f1778d06e631bf74,PRICE_ADJUSTED_STRUCTURAL_V1,PARSED
NSE:JAGSNPHARM:EQ,JAGSNPHARM,2025-01-08,STOCK_SPLIT,0.4,0.4,2.5,VERIFIED_OFFICIAL,nse-ca-44ced53b9915f6a2,PRICE_ADJUSTED_STRUCTURAL_V1,PARSED
NSE:JAIBALAJI:EQ,JAIBALAJI,2025-01-17,STOCK_SPLIT,0.2,0.2,5,VERIFIED_OFFICIAL,nse-ca-332bb003159c475c,PRICE_ADJUSTED_STRUCTURAL_V1,PARSED
NSE:JASH:EQ,JASH,2024-10-30,STOCK_SPLIT,0.2,0.2,5,VERIFIED_OFFICIAL,nse-ca-b6e62fad5b90321a,PRICE_ADJUSTED_STRUCTURAL_V1,PARSED
NSE:JAYBARMARU:EQ,JAYBARMARU,2023-10-26,STOCK_SPLIT,0.4,0.4,2.5,VERIFIED_OFFICIAL,nse-ca-dd23e9e4aee7c0e4,PRICE_ADJUSTED_STRUCTURAL_V1,PARSED
NSE:JBCHEPHARM:EQ,JBCHEPHARM,2023-09-18,STOCK_SPLIT,0.5,0.5,2,VERIFIED_OFFICIAL,nse-ca-ce98c5ecca6f5269,PRICE_ADJUSTED_STRUCTURAL_V1,PARSED
NSE:JBMA:EQ,JBMA,2022-02-21,STOCK_SPLIT,0.4,0.2,2.5,VERIFIED_OFFICIAL,nse-ca-ddbd6c294c0a2287,PRICE_ADJUSTED_STRUCTURAL_V1,PARSED
NSE:JBMA:EQ,JBMA,2025-01-31,STOCK_SPLIT,0.5,0.5,2,VERIFIED_OFFICIAL,nse-ca-2efddbac32e215b4,PRICE_ADJUSTED_STRUCTURAL_V1,PARSED
NSE:JETFREIGHT:EQ,JETFREIGHT,2022-05-19,STOCK_SPLIT,0.5,0.5,2,VERIFIED_OFFICIAL,nse-ca-defd606417d408cb,PRICE_ADJUSTED_STRUCTURAL_V1,PARSED
NSE:JINDALSAW:EQ,JINDALSAW,2024-10-09,STOCK_SPLIT,0.5,0.5,2,VERIFIED_OFFICIAL,nse-ca-a43b62b42aad897f,PRICE_ADJUSTED_STRUCTURAL_V1,PARSED
NSE:JINDWORLD:EQ,JINDWORLD,2025-02-28,BONUS,0.2,0.2,5,VERIFIED_OFFICIAL,nse-ca-f143f15613db2738,PRICE_ADJUSTED_STRUCTURAL_V1,PARSED
NSE:JLHL:EQ,JLHL,2026-07-24,STOCK_SPLIT,0.2,0.2,5,VERIFIED_OFFICIAL,nse-ca-4296ad614cec2f0f,PRICE_ADJUSTED_STRUCTURAL_V1,PARSED
NSE:JTLIND:EQ,JTLIND,2023-09-07,BONUS,0.5,0.25,2,VERIFIED_OFFICIAL,nse-ca-50f9c91047162fc6,PRICE_ADJUSTED_STRUCTURAL_V1,PARSED
NSE:JTLIND:EQ,JTLIND,2024-11-14,STOCK_SPLIT,0.5,0.5,2,VERIFIED_OFFICIAL,nse-ca-f34b651d2d72d906,PRICE_ADJUSTED_STRUCTURAL_V1,PARSED
NSE:JUBLFOOD:EQ,JUBLFOOD,2022-04-19,STOCK_SPLIT,0.2,0.2,5,VERIFIED_OFFICIAL,nse-ca-a78708ec3638889b,PRICE_ADJUSTED_STRUCTURAL_V1,PARSED
NSE:KAMDHENU:EQ,KAMDHENU,2025-01-08,STOCK_SPLIT,0.1,0.1,10,VERIFIED_OFFICIAL,nse-ca-5ef3d8f5d8f340fe,PRICE_ADJUSTED_STRUCTURAL_V1,PARSED
NSE:KAMOPAINTS:EQ,KAMOPAINTS,2023-08-01,BONUS,0.5,0.1,2,VERIFIED_OFFICIAL,nse-ca-5925fa809c75e7e8,PRICE_ADJUSTED_STRUCTURAL_V1,PARSED
NSE:KAMOPAINTS:EQ,KAMOPAINTS,2024-06-14,STOCK_SPLIT,0.2,0.2,5,VERIFIED_OFFICIAL,nse-ca-386a02ae63d8fbc6,PRICE_ADJUSTED_STRUCTURAL_V1,PARSED
NSE:KANANIIND:EQ,KANANIIND,2024-01-30,BONUS,0.5,0.5,2,VERIFIED_OFFICIAL,nse-ca-e10fe717b9a35f79,PRICE_ADJUSTED_STRUCTURAL_V1,PARSED
NSE:KANPRPLA:EQ,KANPRPLA,2021-09-15,BONUS,0.6666666666666666666666666667,0.6666666666666666666666666667,1.5,VERIFIED_OFFICIAL,nse-ca-1f3ecb9261d8b97d,PRICE_ADJUSTED_STRUCTURAL_V1,PARSED
NSE:KANSAINER:EQ,KANSAINER,2023-07-04,BONUS,0.6666666666666666666666666667,0.6666666666666666666666666667,1.5,VERIFIED_OFFICIAL,nse-ca-21f663e0ec797ef8,PRICE_ADJUSTED_STRUCTURAL_V1,PARSED
NSE:KAPSTON:EQ,KAPSTON,2024-08-09,STOCK_SPLIT,0.5,0.3333333333333333333333333334,2,VERIFIED_OFFICIAL,nse-ca-b5f35bc4e9c23d06,PRICE_ADJUSTED_STRUCTURAL_V1,PARSED
NSE:KAPSTON:EQ,KAPSTON,2026-03-06,BONUS,0.6666666666666666666666666667,0.6666666666666666666666666667,1.5,VERIFIED_OFFICIAL,nse-ca-ca0e6128af10fa22,PRICE_ADJUSTED_STRUCTURAL_V1,PARSED
NSE:KARURVYSYA:EQ,KARURVYSYA,2025-08-26,BONUS,0.8333333333333333333333333333,0.8333333333333333333333333333,1.2,VERIFIED_OFFICIAL,nse-ca-c83cff9f3de57b8c,PRICE_ADJUSTED_STRUCTURAL_V1,PARSED
NSE:KELLTONTEC:EQ,KELLTONTEC,2025-07-25,STOCK_SPLIT,0.2,0.2,5,VERIFIED_OFFICIAL,nse-ca-7ab3a0cec5e6e078,PRICE_ADJUSTED_STRUCTURAL_V1,PARSED
NSE:KILITCH:EQ,KILITCH,2026-03-24,BONUS,0.5,0.5,2,VERIFIED_OFFICIAL,nse-ca-511a666cd5c69f70,PRICE_ADJUSTED_STRUCTURAL_V1,PARSED
NSE:KIMS:EQ,KIMS,2024-09-13,STOCK_SPLIT,0.2,0.2,5,VERIFIED_OFFICIAL,nse-ca-253b74993fc9029e,PRICE_ADJUSTED_STRUCTURAL_V1,PARSED
NSE:KIRLPNU:EQ,KIRLPNU,2026-08-18,STOCK_SPLIT,0.5,0.5,2,VERIFIED_OFFICIAL,nse-ca-a73755e767f9798e,PRICE_ADJUSTED_STRUCTURAL_V1,PARSED
NSE:KITEX:EQ,KITEX,2025-01-17,BONUS,0.3333333333333333333333333333,0.3333333333333333333333333333,3,VERIFIED_OFFICIAL,nse-ca-07c5064694ac9e28,PRICE_ADJUSTED_STRUCTURAL_V1,PARSED
NSE:KKCL:EQ,KKCL,2021-12-16,BONUS,0.2,0.2,5,VERIFIED_OFFICIAL,nse-ca-d246aaf5e95c91b8,PRICE_ADJUSTED_STRUCTURAL_V1,PARSED
NSE:KMEW:EQ,KMEW,2025-12-22,STOCK_SPLIT,0.5,0.5,2,VERIFIED_OFFICIAL,nse-ca-8458d202413e6b8a,PRICE_ADJUSTED_STRUCTURAL_V1,PARSED
NSE:KOTAKBANK:EQ,KOTAKBANK,2026-01-14,STOCK_SPLIT,0.2,0.2,5,VERIFIED_OFFICIAL,nse-ca-8de38a662d7f8514,PRICE_ADJUSTED_STRUCTURAL_V1,PARSED
NSE:KOTHARIPRO:EQ,KOTHARIPRO,2025-02-18,BONUS,0.5,0.5,2,VERIFIED_OFFICIAL,nse-ca-503b9391c5b5a9d5,PRICE_ADJUSTED_STRUCTURAL_V1,PARSED
NSE:KOTYARK:EQ,KOTYARK,2026-06-24,BONUS,0.09090909090909090909090909091,0.09090909090909090909090909091,11,VERIFIED_OFFICIAL,nse-ca-ad6fe59d3916dee0,PRICE_ADJUSTED_STRUCTURAL_V1,PARSED
NSE:KPIGREEN:EQ,KPIGREEN,2023-01-18,BONUS,0.5,0.1111111111111111111111111112,2,VERIFIED_OFFICIAL,nse-ca-c0905bdd472224af,PRICE_ADJUSTED_STRUCTURAL_V1,PARSED
NSE:KPIGREEN:EQ,KPIGREEN,2024-02-15,BONUS,0.6666666666666666666666666667,0.2222222222222222222222222223,1.5,VERIFIED_OFFICIAL,nse-ca-d225df3a33d200ee,PRICE_ADJUSTED_STRUCTURAL_V1,PARSED
NSE:KPIGREEN:EQ,KPIGREEN,2024-07-18,STOCK_SPLIT,0.5,0.3333333333333333333333333334,2,VERIFIED_OFFICIAL,nse-ca-154fdfbf75ef53f3,PRICE_ADJUSTED_STRUCTURAL_V1,PARSED
NSE:KPIGREEN:EQ,KPIGREEN,2025-01-03,BONUS,0.6666666666666666666666666667,0.6666666666666666666666666667,1.5,VERIFIED_OFFICIAL,nse-ca-7f610d8a2b3c1ceb,PRICE_ADJUSTED_STRUCTURAL_V1,PARSED
NSE:KPRMILL:EQ,KPRMILL,2021-09-24,STOCK_SPLIT,0.2,0.2,5,VERIFIED_OFFICIAL,nse-ca-b10bcb45bf60f029,PRICE_ADJUSTED_STRUCTURAL_V1,PARSED
NSE:KRISHANA:EQ,KRISHANA,2023-10-25,BONUS,0.5,0.1,2,VERIFIED_OFFICIAL,nse-ca-f38696c130aa38c0,PRICE_ADJUSTED_STRUCTURAL_V1,PARSED
NSE:KRISHANA:EQ,KRISHANA,2026-07-03,STOCK_SPLIT,0.2,0.2,5,VERIFIED_OFFICIAL,nse-ca-b6d1d46e4d891998,PRICE_ADJUSTED_STRUCTURAL_V1,PARSED
NSE:KRITIKA:EQ,KRITIKA,2022-08-30,STOCK_SPLIT,0.2,0.06666666666666666666666666666,5,VERIFIED_OFFICIAL,nse-ca-22ff0ea0090bf311,PRICE_ADJUSTED_STRUCTURAL_V1,PARSED
NSE:KRITIKA:EQ,KRITIKA,2023-12-19,BONUS,0.3333333333333333333333333333,0.3333333333333333333333333333,3,VERIFIED_OFFICIAL,nse-ca-a0a5033ffa184ff2,PRICE_ADJUSTED_STRUCTURAL_V1,PARSED
NSE:KSB:EQ,KSB,2024-07-25,STOCK_SPLIT,0.2,0.2,5,VERIFIED_OFFICIAL,nse-ca-4f69bca6ace1db1a,PRICE_ADJUSTED_STRUCTURAL_V1,PARSED
NSE:KSHITIJPOL:EQ,KSHITIJPOL,2022-10-27,STOCK_SPLIT,0.2,0.2,5,VERIFIED_OFFICIAL,nse-ca-5beab889f1b6655b,PRICE_ADJUSTED_STRUCTURAL_V1,PARSED
NSE:KSOLVES:EQ,KSOLVES,2025-02-06,STOCK_SPLIT,0.5,0.5,2,VERIFIED_OFFICIAL,nse-ca-92dad85302b25e57,PRICE_ADJUSTED_STRUCTURAL_V1,PARSED
NSE:LAL:EQ,LAL,2024-03-28,STOCK_SPLIT,0.1,0.1,10,VERIFIED_OFFICIAL,nse-ca-4105546823ee8f80,PRICE_ADJUSTED_STRUCTURAL_V1,PARSED
NSE:LAL:EQ,LAL,2024-03-28,BONUS,0.6470588235294117647058823529,0.06470588235294117647058823529,1.545454545454545454545454546,VERIFIED_OFFICIAL,nse-ca-b7ff7d4c272f26eb,PRICE_ADJUSTED_STRUCTURAL_V1,PARSED
NSE:LALPATHLAB:EQ,LALPATHLAB,2025-12-19,BONUS,0.5,0.5,2,VERIFIED_OFFICIAL,nse-ca-2b1a18eda275472c,PRICE_ADJUSTED_STRUCTURAL_V1,PARSED
NSE:LANCER:EQ,LANCER,2022-12-16,STOCK_SPLIT,0.5,0.5,2,VERIFIED_OFFICIAL,nse-ca-56a4d36657f1f42a,PRICE_ADJUSTED_STRUCTURAL_V1,PARSED
NSE:LANDSMILL:EQ,LANDSMILL,2022-09-28,STOCK_SPLIT,0.1,0.1,10,VERIFIED_OFFICIAL,nse-ca-15565b815d9fb1bd,PRICE_ADJUSTED_STRUCTURAL_V1,PARSED
NSE:LANDSMILL:EQ,LANDSMILL,2022-09-28,BONUS,0.6666666666666666666666666667,0.06666666666666666666666666667,1.5,VERIFIED_OFFICIAL,nse-ca-d3430b308e08213b,PRICE_ADJUSTED_STRUCTURAL_V1,PARSED
NSE:LEMERITE:EQ,LEMERITE,2026-05-29,STOCK_SPLIT,0.2,0.2,5,VERIFIED_OFFICIAL,nse-ca-2e5f3c7e20a79210,PRICE_ADJUSTED_STRUCTURAL_V1,PARSED
NSE:LGHL:EQ,LGHL,2025-10-10,BONUS,0.4166666666666666666666666667,0.4166666666666666666666666667,2.4,VERIFIED_OFFICIAL,nse-ca-2ab70a212230ac27,PRICE_ADJUSTED_STRUCTURAL_V1,PARSED
NSE:LIBAS:EQ,LIBAS,2021-09-21,BONUS,0.8333333333333333333333333333,0.8333333333333333333333333333,1.2,VERIFIED_OFFICIAL,nse-ca-3cb1f3c163038710,PRICE_ADJUSTED_STRUCTURAL_V1,PARSED
NSE:LICI:EQ,LICI,2026-05-29,BONUS,0.5,0.5,2,VERIFIED_OFFICIAL,nse-ca-217d3ca495f6abbd,PRICE_ADJUSTED_STRUCTURAL_V1,PARSED
NSE:LIKHITHA:EQ,LIKHITHA,2022-12-02,STOCK_SPLIT,0.5,0.5,2,VERIFIED_OFFICIAL,nse-ca-b7fd5767a2484f8c,PRICE_ADJUSTED_STRUCTURAL_V1,PARSED
NSE:LINC:EQ,LINC,2024-12-20,BONUS,0.5,0.5,2,VERIFIED_OFFICIAL,nse-ca-35be5034273112e1,PRICE_ADJUSTED_STRUCTURAL_V1,PARSED
NSE:LINC:EQ,LINC,2024-12-20,STOCK_SPLIT,0.5,0.25,2,VERIFIED_OFFICIAL,nse-ca-fe28bda1fbc8f974,PRICE_ADJUSTED_STRUCTURAL_V1,PARSED
NSE:LODHA:EQ,LODHA,2023-05-31,BONUS,0.5,0.5,2,VERIFIED_OFFICIAL,nse-ca-50c87a6a6c20d0ff,PRICE_ADJUSTED_STRUCTURAL_V1,PARSED
NSE:MAANALU:EQ,MAANALU,2023-07-27,STOCK_SPLIT,0.5,0.5,2,VERIFIED_OFFICIAL,nse-ca-7f36dd56053c9bc6,PRICE_ADJUSTED_STRUCTURAL_V1,PARSED
NSE:MAANALU:EQ,MAANALU,2023-07-27,BONUS,0.5,0.25,2,VERIFIED_OFFICIAL,nse-ca-85198aacaa208c1c,PRICE_ADJUSTED_STRUCTURAL_V1,PARSED
NSE:MAHLIFE:EQ,MAHLIFE,2021-09-14,BONUS,0.3333333333333333333333333333,0.3333333333333333333333333333,3,VERIFIED_OFFICIAL,nse-ca-4e8c0951def1b9c5,PRICE_ADJUSTED_STRUCTURAL_V1,PARSED
NSE:MAHSEAMLES:EQ,MAHSEAMLES,2022-11-25,BONUS,0.5,0.5,2,VERIFIED_OFFICIAL,nse-ca-d124f4dd2e041aeb,PRICE_ADJUSTED_STRUCTURAL_V1,PARSED
NSE:MANINFRA:EQ,MANINFRA,2021-11-17,BONUS,0.6666666666666666666666666667,0.6666666666666666666666666667,1.5,VERIFIED_OFFICIAL,nse-ca-74ab9e8946bda4a1,PRICE_ADJUSTED_STRUCTURAL_V1,PARSED
NSE:MANORAMA:EQ,MANORAMA,2024-03-07,STOCK_SPLIT,0.2,0.2,5,VERIFIED_OFFICIAL,nse-ca-538cb942ae62cdcd,PRICE_ADJUSTED_STRUCTURAL_V1,PARSED
NSE:MASFIN:EQ,MASFIN,2024-02-22,BONUS,0.3333333333333333333333333333,0.3333333333333333333333333333,3,VERIFIED_OFFICIAL,nse-ca-b5d929fa033ae1ea,PRICE_ADJUSTED_STRUCTURAL_V1,PARSED
NSE:MAZDA:EQ,MAZDA,2025-01-28,STOCK_SPLIT,0.2,0.2,5,VERIFIED_OFFICIAL,nse-ca-428afcd16f5d0d06,PRICE_ADJUSTED_STRUCTURAL_V1,PARSED
NSE:MAZDOCK:EQ,MAZDOCK,2024-12-27,STOCK_SPLIT,0.5,0.5,2,VERIFIED_OFFICIAL,nse-ca-942460e200bdb79a,PRICE_ADJUSTED_STRUCTURAL_V1,PARSED
NSE:MBAPL:EQ,MBAPL,2022-10-18,BONUS,0.5,0.05,2,VERIFIED_OFFICIAL,nse-ca-7a398581d552c190,PRICE_ADJUSTED_STRUCTURAL_V1,PARSED
NSE:MBAPL:EQ,MBAPL,2023-10-20,BONUS,0.5,0.1,2,VERIFIED_OFFICIAL,nse-ca-7836c19d22eff547,PRICE_ADJUSTED_STRUCTURAL_V1,PARSED
NSE:MBAPL:EQ,MBAPL,2026-07-03,STOCK_SPLIT,0.2,0.2,5,VERIFIED_OFFICIAL,nse-ca-5b9c5c66bd7e0ff2,PRICE_ADJUSTED_STRUCTURAL_V1,PARSED
NSE:MCX:EQ,MCX,2026-01-02,STOCK_SPLIT,0.2,0.2,5,VERIFIED_OFFICIAL,nse-ca-4757c60043a695ea,PRICE_ADJUSTED_STRUCTURAL_V1,PARSED
NSE:MEDICO:EQ,MEDICO,2023-03-16,STOCK_SPLIT,0.2,0.2,5,VERIFIED_OFFICIAL,nse-ca-e446004dae48112f,PRICE_ADJUSTED_STRUCTURAL_V1,PARSED
NSE:METROPOLIS:EQ,METROPOLIS,2026-03-20,BONUS,0.25,0.25,4,VERIFIED_OFFICIAL,nse-ca-2e295fab8e221f03,PRICE_ADJUSTED_STRUCTURAL_V1,PARSED
NSE:MGEL:EQ,MGEL,2022-08-18,STOCK_SPLIT,0.2,0.1,5,VERIFIED_OFFICIAL,nse-ca-fe6e5eefff4da60a,PRICE_ADJUSTED_STRUCTURAL_V1,PARSED
NSE:MGEL:EQ,MGEL,2025-03-04,STOCK_SPLIT,0.5,0.5,2,VERIFIED_OFFICIAL,nse-ca-b6f29e996c64e373,PRICE_ADJUSTED_STRUCTURAL_V1,PARSED
NSE:MHRIL:EQ,MHRIL,2021-09-08,BONUS,0.6666666666666666666666666667,0.6666666666666666666666666667,1.5,VERIFIED_OFFICIAL,nse-ca-1c6a91567ff7ac48,PRICE_ADJUSTED_STRUCTURAL_V1,PARSED
NSE:MINDTECK:EQ,MINDTECK,2024-09-20,BONUS,0.8,0.8,1.25,VERIFIED_OFFICIAL,nse-ca-b49e6072ec09fe36,PRICE_ADJUSTED_STRUCTURAL_V1,PARSED
NSE:MITTAL:EQ,MITTAL,2023-11-01,STOCK_SPLIT,0.1,0.1,10,VERIFIED_OFFICIAL,nse-ca-e06596ce55c0ef21,PRICE_ADJUSTED_STRUCTURAL_V1,PARSED
NSE:MKPL:EQ,MKPL,2023-11-10,STOCK_SPLIT,0.1,0.03333333333333333333333333333,10,VERIFIED_OFFICIAL,nse-ca-388cfd62cb74a594,PRICE_ADJUSTED_STRUCTURAL_V1,PARSED
NSE:MKPL:EQ,MKPL,2024-03-15,BONUS,0.3333333333333333333333333333,0.3333333333333333333333333333,3,VERIFIED_OFFICIAL,nse-ca-d244ad1750e52bcd,PRICE_ADJUSTED_STRUCTURAL_V1,PARSED
NSE:MMFL:EQ,MMFL,2024-07-16,BONUS,0.5,0.5,2,VERIFIED_OFFICIAL,nse-ca-f609c29920e58164,PRICE_ADJUSTED_STRUCTURAL_V1,PARSED
NSE:MONARCH:EQ,MONARCH,2024-09-13,BONUS,0.5,0.5,2,VERIFIED_OFFICIAL,nse-ca-d8952caba9866b88,PRICE_ADJUSTED_STRUCTURAL_V1,PARSED
NSE:MONEYBOXX:EQ,MONEYBOXX,2025-12-15,BONUS,0.5,0.5,2,VERIFIED_OFFICIAL,nse-ca-7b862daf9f3f0a54,PRICE_ADJUSTED_STRUCTURAL_V1,PARSED
NSE:MOTHERSON:EQ,MOTHERSON,2022-10-03,BONUS,0.6666666666666666666666666667,0.4444444444444444444444444445,1.5,VERIFIED_OFFICIAL,nse-ca-f45e2f4a52007d4f,PRICE_ADJUSTED_STRUCTURAL_V1,PARSED
NSE:MOTHERSON:EQ,MOTHERSON,2025-07-18,BONUS,0.6666666666666666666666666667,0.6666666666666666666666666667,1.5,VERIFIED_OFFICIAL,nse-ca-b9563cc45e6350bf,PRICE_ADJUSTED_STRUCTURAL_V1,PARSED
NSE:MOTILALOFS:EQ,MOTILALOFS,2024-06-10,BONUS,0.25,0.25,4,VERIFIED_OFFICIAL,nse-ca-8b0ea28204c3f23a,PRICE_ADJUSTED_STRUCTURAL_V1,PARSED
NSE:MOTISONS:EQ,MOTISONS,2024-11-08,STOCK_SPLIT,0.1,0.1,10,VERIFIED_OFFICIAL,nse-ca-020b3d52401831a7,PRICE_ADJUSTED_STRUCTURAL_V1,PARSED
NSE:MSUMI:EQ,MSUMI,2022-11-16,BONUS,0.7142857142857142857142857143,0.4761904761904761904761904762,1.4,VERIFIED_OFFICIAL,nse-ca-36974363ceb01fcf,PRICE_ADJUSTED_STRUCTURAL_V1,PARSED
NSE:MSUMI:EQ,MSUMI,2025-07-18,BONUS,0.6666666666666666666666666667,0.6666666666666666666666666667,1.5,VERIFIED_OFFICIAL,nse-ca-b7a23136b4139731,PRICE_ADJUSTED_STRUCTURAL_V1,PARSED
NSE:MWL:EQ,MWL,2026-07-10,STOCK_SPLIT,0.1,0.1,10,VERIFIED_OFFICIAL,nse-ca-06077c381daca2da,PRICE_ADJUSTED_STRUCTURAL_V1,PARSED
NSE:NARMADA:EQ,NARMADA,2026-07-31,STOCK_SPLIT,0.5,0.5,2,VERIFIED_OFFICIAL,nse-ca-59c3bb054c211ad8,PRICE_ADJUSTED_STRUCTURAL_V1,PARSED
NSE:NAUKRI:EQ,NAUKRI,2025-05-07,STOCK_SPLIT,0.2,0.2,5,VERIFIED_OFFICIAL,nse-ca-df04d24c40d178d7,PRICE_ADJUSTED_STRUCTURAL_V1,PARSED
NSE:NAVA:EQ,NAVA,2025-01-20,STOCK_SPLIT,0.5,0.5,2,VERIFIED_OFFICIAL,nse-ca-af4ccf2d09c87c26,PRICE_ADJUSTED_STRUCTURAL_V1,PARSED
NSE:NAVKARURB:EQ,NAVKARURB,2025-04-24,BONUS,0.4,0.2,2.5,VERIFIED_OFFICIAL,nse-ca-b4b7f7307c702d30,PRICE_ADJUSTED_STRUCTURAL_V1,PARSED
NSE:NAVKARURB:EQ,NAVKARURB,2025-05-09,STOCK_SPLIT,0.5,0.5,2,VERIFIED_OFFICIAL,nse-ca-4d01d690f6d49e72,PRICE_ADJUSTED_STRUCTURAL_V1,PARSED
NSE:NAZARA:EQ,NAZARA,2022-06-24,BONUS,0.5,0.125,2,VERIFIED_OFFICIAL,nse-ca-73f70261f1d41a7a,PRICE_ADJUSTED_STRUCTURAL_V1,PARSED
NSE:NAZARA:EQ,NAZARA,2025-09-26,STOCK_SPLIT,0.5,0.5,2,VERIFIED_OFFICIAL,nse-ca-bdff2b23ab856d30,PRICE_ADJUSTED_STRUCTURAL_V1,PARSED
NSE:NAZARA:EQ,NAZARA,2025-09-26,BONUS,0.5,0.25,2,VERIFIED_OFFICIAL,nse-ca-c68344aa1d6bdc4d,PRICE_ADJUSTED_STRUCTURAL_V1,PARSED
NSE:NBCC:EQ,NBCC,2024-10-07,BONUS,0.6666666666666666666666666667,0.6666666666666666666666666667,1.5,VERIFIED_OFFICIAL,nse-ca-acd89df9cc9ddc99,PRICE_ADJUSTED_STRUCTURAL_V1,PARSED
NSE:NDL:EQ,NDL,2022-03-24,BONUS,0.3333333333333333333333333333,0.03333333333333333333333333333,3,VERIFIED_OFFICIAL,nse-ca-703627a933ec09a7,PRICE_ADJUSTED_STRUCTURAL_V1,PARSED
NSE:NDL:EQ,NDL,2024-09-19,STOCK_SPLIT,0.1,0.1,10,VERIFIED_OFFICIAL,nse-ca-2e45606eb8449ccd,PRICE_ADJUSTED_STRUCTURAL_V1,PARSED
NSE:NDRAUTO:EQ,NDRAUTO,2023-07-24,BONUS,0.5,0.25,2,VERIFIED_OFFICIAL,nse-ca-b5ad6892780be9ee,PRICE_ADJUSTED_STRUCTURAL_V1,PARSED
NSE:NDRAUTO:EQ,NDRAUTO,2024-09-25,BONUS,0.5,0.5,2,VERIFIED_OFFICIAL,nse-ca-8cd0433d32f04646,PRICE_ADJUSTED_STRUCTURAL_V1,PARSED
NSE:NESTLEIND:EQ,NESTLEIND,2024-01-05,STOCK_SPLIT,0.1,0.05,10,VERIFIED_OFFICIAL,nse-ca-0b1b531f4b53c725,PRICE_ADJUSTED_STRUCTURAL_V1,PARSED
NSE:NESTLEIND:EQ,NESTLEIND,2025-08-08,BONUS,0.5,0.5,2,VERIFIED_OFFICIAL,nse-ca-82dadc9b4cd6c364,PRICE_ADJUSTED_STRUCTURAL_V1,PARSED
NSE:NEWGEN:EQ,NEWGEN,2024-01-12,BONUS,0.5,0.5,2,VERIFIED_OFFICIAL,nse-ca-78e6a34069162d79,PRICE_ADJUSTED_STRUCTURAL_V1,PARSED
NSE:NINSYS:EQ,NINSYS,2023-08-03,BONUS,0.5555555555555555555555555556,0.5555555555555555555555555556,1.8,VERIFIED_OFFICIAL,nse-ca-234f0cd41677dbef,PRICE_ADJUSTED_STRUCTURAL_V1,PARSED
NSE:NIPPOBATRY:EQ,NIPPOBATRY,2021-10-28,STOCK_SPLIT,0.5,0.5,2,VERIFIED_OFFICIAL,nse-ca-0635d3ab17757159,PRICE_ADJUSTED_STRUCTURAL_V1,PARSED
NSE:NMDC:EQ,NMDC,2024-12-27,BONUS,0.3333333333333333333333333333,0.3333333333333333333333333333,3,VERIFIED_OFFICIAL,nse-ca-0e0e0587dd65709f,PRICE_ADJUSTED_STRUCTURAL_V1,PARSED
NSE:NRL:EQ,NRL,2024-03-20,BONUS,0.6666666666666666666666666667,0.6666666666666666666666666667,1.5,VERIFIED_OFFICIAL,nse-ca-e12ed5693862373b,PRICE_ADJUSTED_STRUCTURAL_V1,PARSED
NSE:NUVAMA:EQ,NUVAMA,2025-12-26,STOCK_SPLIT,0.2,0.2,5,VERIFIED_OFFICIAL,nse-ca-1a90a4e4c6450332,PRICE_ADJUSTED_STRUCTURAL_V1,PARSED
NSE:NYKAA:EQ,NYKAA,2022-11-10,BONUS,0.1666666666666666666666666667,0.1666666666666666666666666667,5.999999999999999999999999999,VERIFIED_OFFICIAL,nse-ca-2b546088a778fdaf,PRICE_ADJUSTED_STRUCTURAL_V1,PARSED
NSE:OIL:EQ,OIL,2024-07-02,BONUS,0.6666666666666666666666666667,0.6666666666666666666666666667,1.5,VERIFIED_OFFICIAL,nse-ca-77e288166ccd7280,PRICE_ADJUSTED_STRUCTURAL_V1,PARSED
NSE:ONEPOINT:EQ,ONEPOINT,2022-01-18,STOCK_SPLIT,0.2,0.2,5,VERIFIED_OFFICIAL,nse-ca-04561bc57b84d697,PRICE_ADJUSTED_STRUCTURAL_V1,PARSED
NSE:ONEPOINT:EQ,ONEPOINT,2022-01-18,BONUS,0.6666666666666666666666666667,0.1333333333333333333333333333,1.5,VERIFIED_OFFICIAL,nse-ca-2c3f1a0108ccebb2,PRICE_ADJUSTED_STRUCTURAL_V1,PARSED
NSE:ORIENTTECH:EQ,ORIENTTECH,2026-01-05,BONUS,0.9090909090909090909090909091,0.9090909090909090909090909091,1.1,VERIFIED_OFFICIAL,nse-ca-b9539265a220d029,PRICE_ADJUSTED_STRUCTURAL_V1,PARSED
NSE:OSIAHYPER:EQ,OSIAHYPER,2023-03-13,STOCK_SPLIT,0.1,0.1,10,VERIFIED_OFFICIAL,nse-ca-b5c2318208a1b6de,PRICE_ADJUSTED_STRUCTURAL_V1,PARSED
NSE:OSWALSEEDS:EQ,OSWALSEEDS,2023-08-18,STOCK_SPLIT,0.2,0.1666666666666666666666666667,5,VERIFIED_OFFICIAL,nse-ca-32570ef68f596942,PRICE_ADJUSTED_STRUCTURAL_V1,PARSED
NSE:OSWALSEEDS:EQ,OSWALSEEDS,2024-02-02,BONUS,0.8333333333333333333333333333,0.8333333333333333333333333333,1.2,VERIFIED_OFFICIAL,nse-ca-0978b66111cd4439,PRICE_ADJUSTED_STRUCTURAL_V1,PARSED
NSE:PAISALO:EQ,PAISALO,2022-06-30,STOCK_SPLIT,0.1,0.05,10,VERIFIED_OFFICIAL,nse-ca-ad7345757a55613e,PRICE_ADJUSTED_STRUCTURAL_V1,PARSED
NSE:PAISALO:EQ,PAISALO,2024-03-20,BONUS,0.5,0.5,2,VERIFIED_OFFICIAL,nse-ca-9d0247175eb6d7f1,PRICE_ADJUSTED_STRUCTURAL_V1,PARSED
NSE:PARAS:EQ,PARAS,2025-07-04,STOCK_SPLIT,0.5,0.5,2,VERIFIED_OFFICIAL,nse-ca-5e4477f846cb53e7,PRICE_ADJUSTED_STRUCTURAL_V1,PARSED
NSE:PASHUPATI:EQ,PASHUPATI,2026-04-17,STOCK_SPLIT,0.1,0.1,10,VERIFIED_OFFICIAL,nse-ca-0fc95868211ced92,PRICE_ADJUSTED_STRUCTURAL_V1,PARSED
NSE:PATANJALI:EQ,PATANJALI,2025-09-11,BONUS,0.3333333333333333333333333333,0.3333333333333333333333333333,3,VERIFIED_OFFICIAL,nse-ca-bd473500a90f32fe,PRICE_ADJUSTED_STRUCTURAL_V1,PARSED
NSE:PAVNAIND:EQ,PAVNAIND,2025-09-01,STOCK_SPLIT,0.1,0.1,10,VERIFIED_OFFICIAL,nse-ca-0c946b92053389ef,PRICE_ADJUSTED_STRUCTURAL_V1,PARSED
NSE:PCBL:EQ,PCBL,2022-04-11,STOCK_SPLIT,0.5,0.5,2,VERIFIED_OFFICIAL,nse-ca-969eef519368a947,PRICE_ADJUSTED_STRUCTURAL_V1,PARSED
NSE:PCJEWELLER:EQ,PCJEWELLER,2024-12-16,STOCK_SPLIT,0.1,0.1,10,VERIFIED_OFFICIAL,nse-ca-9a30269315e42e9f,PRICE_ADJUSTED_STRUCTURAL_V1,PARSED
NSE:PDSL:EQ,PDSL,2022-08-26,STOCK_SPLIT,0.2,0.2,5,VERIFIED_OFFICIAL,nse-ca-ae401254a2fc029f,PRICE_ADJUSTED_STRUCTURAL_V1,PARSED
NSE:PERSISTENT:EQ,PERSISTENT,2024-03-28,STOCK_SPLIT,0.5,0.5,2,VERIFIED_OFFICIAL,nse-ca-033461680a2ef4ae,PRICE_ADJUSTED_STRUCTURAL_V1,PARSED
NSE:PFC:EQ,PFC,2023-09-21,BONUS,0.8,0.8,1.25,VERIFIED_OFFICIAL,nse-ca-6334127b5a0ff7fa,PRICE_ADJUSTED_STRUCTURAL_V1,PARSED
NSE:PGEL:EQ,PGEL,2024-07-10,STOCK_SPLIT,0.1,0.1,10,VERIFIED_OFFICIAL,nse-ca-0c8d24a6d3091d5f,PRICE_ADJUSTED_STRUCTURAL_V1,PARSED
NSE:PGIL:EQ,PGIL,2024-01-05,STOCK_SPLIT,0.5,0.5,2,VERIFIED_OFFICIAL,nse-ca-449735e4399e7ac7,PRICE_ADJUSTED_STRUCTURAL_V1,PARSED
NSE:PHOENIXLTD:EQ,PHOENIXLTD,2024-09-20,BONUS,0.5,0.5,2,VERIFIED_OFFICIAL,nse-ca-3254855e37fc35b9,PRICE_ADJUSTED_STRUCTURAL_V1,PARSED
NSE:PIDILITIND:EQ,PIDILITIND,2025-09-23,BONUS,0.5,0.5,2,VERIFIED_OFFICIAL,nse-ca-994bec949ed4c67d,PRICE_ADJUSTED_STRUCTURAL_V1,PARSED
NSE:POCL:EQ,POCL,2024-10-16,STOCK_SPLIT,0.5,0.2,2,VERIFIED_OFFICIAL,nse-ca-c61da2bf166be271,PRICE_ADJUSTED_STRUCTURAL_V1,PARSED
NSE:POCL:EQ,POCL,2026-07-21,STOCK_SPLIT,0.4,0.4,2.5,VERIFIED_OFFICIAL,nse-ca-4c190779e8bb31dc,PRICE_ADJUSTED_STRUCTURAL_V1,PARSED
NSE:POWERGRID:EQ,POWERGRID,2023-09-12,BONUS,0.75,0.75,1.333333333333333333333333333,VERIFIED_OFFICIAL,nse-ca-2b5d4620a561a7c3,PRICE_ADJUSTED_STRUCTURAL_V1,PARSED
NSE:POWERMECH:EQ,POWERMECH,2024-10-08,BONUS,0.5,0.5,2,VERIFIED_OFFICIAL,nse-ca-cd7dc84b797c1e81,PRICE_ADJUSTED_STRUCTURAL_V1,PARSED
NSE:PRECWIRE:EQ,PRECWIRE,2021-12-22,STOCK_SPLIT,0.2,0.1333333333333333333333333333,5,VERIFIED_OFFICIAL,nse-ca-1815d0321723ad55,PRICE_ADJUSTED_STRUCTURAL_V1,PARSED
NSE:PRECWIRE:EQ,PRECWIRE,2022-12-22,BONUS,0.6666666666666666666666666667,0.6666666666666666666666666667,1.5,VERIFIED_OFFICIAL,nse-ca-a66495d13bced89a,PRICE_ADJUSTED_STRUCTURAL_V1,PARSED
NSE:PREMEXPLN:EQ,PREMEXPLN,2024-06-21,STOCK_SPLIT,0.2,0.2,5,VERIFIED_OFFICIAL,nse-ca-1f386b0bdb713a15,PRICE_ADJUSTED_STRUCTURAL_V1,PARSED
NSE:PREMIERPOL:EQ,PREMIERPOL,2024-11-05,STOCK_SPLIT,0.2,0.2,5,VERIFIED_OFFICIAL,nse-ca-81c1cb38064f3e6d,PRICE_ADJUSTED_STRUCTURAL_V1,PARSED
NSE:PTL:EQ,PTL,2021-12-23,STOCK_SPLIT,0.5,0.5,2,VERIFIED_OFFICIAL,nse-ca-f95a0d01e625a19d,PRICE_ADJUSTED_STRUCTURAL_V1,PARSED
NSE:RADHIKAJWE:EQ,RADHIKAJWE,2023-05-26,STOCK_SPLIT,0.2,0.2,5,VERIFIED_OFFICIAL,nse-ca-b83e92b481f33906,PRICE_ADJUSTED_STRUCTURAL_V1,PARSED
NSE:RAJMET:EQ,RAJMET,2022-09-15,BONUS,0.6666666666666666666666666667,0.06666666666666666666666666667,1.5,VERIFIED_OFFICIAL,nse-ca-d37559dc17c10a3a,PRICE_ADJUSTED_STRUCTURAL_V1,PARSED
NSE:RAJMET:EQ,RAJMET,2022-11-30,STOCK_SPLIT,0.1,0.1,10,VERIFIED_OFFICIAL,nse-ca-53153b157900c958,PRICE_ADJUSTED_STRUCTURAL_V1,PARSED
NSE:RAJRATAN:EQ,RAJRATAN,2022-03-15,STOCK_SPLIT,0.2,0.2,5,VERIFIED_OFFICIAL,nse-ca-183196d5f3f70d14,PRICE_ADJUSTED_STRUCTURAL_V1,PARSED
NSE:RAMAPHO:EQ,RAMAPHO,2025-02-07,STOCK_SPLIT,0.5,0.5,2,VERIFIED_OFFICIAL,nse-ca-85aea28f31c1e844,PRICE_ADJUSTED_STRUCTURAL_V1,PARSED
NSE:RAMASTEEL:EQ,RAMASTEEL,2022-08-25,STOCK_SPLIT,0.2,0.01333333333333333333333333333,5,VERIFIED_OFFICIAL,nse-ca-c359c0db84a28654,PRICE_ADJUSTED_STRUCTURAL_V1,PARSED
NSE:RAMASTEEL:EQ,RAMASTEEL,2023-01-06,BONUS,0.2,0.06666666666666666666666666666,5,VERIFIED_OFFICIAL,nse-ca-14a621f04a1a3647,PRICE_ADJUSTED_STRUCTURAL_V1,PARSED
NSE:RAMASTEEL:EQ,RAMASTEEL,2024-03-19,BONUS,0.3333333333333333333333333333,0.3333333333333333333333333333,3,VERIFIED_OFFICIAL,nse-ca-c8fbd6b586e54ae4,PRICE_ADJUSTED_STRUCTURAL_V1,PARSED
NSE:RAMRAT:EQ,RAMRAT,2022-09-28,BONUS,0.5,0.25,2,VERIFIED_OFFICIAL,nse-ca-f5de1c9633d774b0,PRICE_ADJUSTED_STRUCTURAL_V1,PARSED
NSE:RAMRAT:EQ,RAMRAT,2025-12-26,BONUS,0.5,0.5,2,VERIFIED_OFFICIAL,nse-ca-7635c2ad9a5a02a4,PRICE_ADJUSTED_STRUCTURAL_V1,PARSED
NSE:RATNAMANI:EQ,RATNAMANI,2022-06-30,BONUS,0.6666666666666666666666666667,0.6666666666666666666666666667,1.5,VERIFIED_OFFICIAL,nse-ca-dc0dec904161a334,PRICE_ADJUSTED_STRUCTURAL_V1,PARSED
NSE:RECLTD:EQ,RECLTD,2022-08-17,BONUS,0.75,0.75,1.333333333333333333333333333,VERIFIED_OFFICIAL,nse-ca-e12df8d5f366a46e,PRICE_ADJUSTED_STRUCTURAL_V1,PARSED
NSE:REDTAPE:EQ,REDTAPE,2025-02-04,BONUS,0.25,0.25,4,VERIFIED_OFFICIAL,nse-ca-1d7b83703eceb2c2,PRICE_ADJUSTED_STRUCTURAL_V1,PARSED
NSE:REFEX:EQ,REFEX,2024-03-22,STOCK_SPLIT,0.2,0.2,5,VERIFIED_OFFICIAL,nse-ca-05ea2073d9492572,PRICE_ADJUSTED_STRUCTURAL_V1,PARSED
NSE:RELIANCE:EQ,RELIANCE,2024-10-28,BONUS,0.5,0.5,2,VERIFIED_OFFICIAL,nse-ca-d0b54129c75577f1,PRICE_ADJUSTED_STRUCTURAL_V1,PARSED
NSE:REMSONSIND:EQ,REMSONSIND,2024-07-05,STOCK_SPLIT,0.2,0.2,5,VERIFIED_OFFICIAL,nse-ca-dd20ce2600c1e2c8,PRICE_ADJUSTED_STRUCTURAL_V1,PARSED
NSE:RGL:EQ,RGL,2022-07-19,STOCK_SPLIT,0.2,0.2,5,VERIFIED_OFFICIAL,nse-ca-81fded228631d130,PRICE_ADJUSTED_STRUCTURAL_V1,PARSED
NSE:RITES:EQ,RITES,2024-09-20,BONUS,0.5,0.5,2,VERIFIED_OFFICIAL,nse-ca-0a36728e3d866b6e,PRICE_ADJUSTED_STRUCTURAL_V1,PARSED
NSE:RKFORGE:EQ,RKFORGE,2022-03-14,STOCK_SPLIT,0.2,0.2,5,VERIFIED_OFFICIAL,nse-ca-467fd46824a48f99,PRICE_ADJUSTED_STRUCTURAL_V1,PARSED
NSE:RMDRIP:EQ,RMDRIP,2025-09-26,STOCK_SPLIT,0.1,0.05833333333333333333333333333,10,VERIFIED_OFFICIAL,nse-ca-f418495e42879350,PRICE_ADJUSTED_STRUCTURAL_V1,PARSED
NSE:RMDRIP:EQ,RMDRIP,2026-04-10,BONUS,0.5833333333333333333333333333,0.5833333333333333333333333333,1.714285714285714285714285714,VERIFIED_OFFICIAL,nse-ca-c847650b0a56ca1b,PRICE_ADJUSTED_STRUCTURAL_V1,PARSED
NSE:RNBDENIMS:EQ,RNBDENIMS,2026-04-02,STOCK_SPLIT,0.5,0.5,2,VERIFIED_OFFICIAL,nse-ca-5292d953dd174222,PRICE_ADJUSTED_STRUCTURAL_V1,PARSED
NSE:RNBDENIMS:EQ,RNBDENIMS,2026-04-02,BONUS,0.6666666666666666666666666667,0.3333333333333333333333333334,1.5,VERIFIED_OFFICIAL,nse-ca-860b63d58ac276f8,PRICE_ADJUSTED_STRUCTURAL_V1,PARSED
NSE:ROLEXRINGS:EQ,ROLEXRINGS,2025-10-17,STOCK_SPLIT,0.1,0.1,10,VERIFIED_OFFICIAL,nse-ca-eaabdf0ee453bbba,PRICE_ADJUSTED_STRUCTURAL_V1,PARSED
NSE:ROTO:EQ,ROTO,2023-07-07,BONUS,0.5,0.0833333333333333333333333333,2,VERIFIED_OFFICIAL,nse-ca-3a008f03c36c9d39,PRICE_ADJUSTED_STRUCTURAL_V1,PARSED
NSE:ROTO:EQ,ROTO,2024-11-08,STOCK_SPLIT,0.5,0.1666666666666666666666666666,2,VERIFIED_OFFICIAL,nse-ca-2d17309c93f960b0,PRICE_ADJUSTED_STRUCTURAL_V1,PARSED
NSE:ROTO:EQ,ROTO,2025-07-11,BONUS,0.3333333333333333333333333333,0.3333333333333333333333333333,3,VERIFIED_OFFICIAL,nse-ca-dc819c9aa3dfaa1b,PRICE_ADJUSTED_STRUCTURAL_V1,PARSED
NSE:RPEL:EQ,RPEL,2024-11-29,BONUS,0.5,0.5,2,VERIFIED_OFFICIAL,nse-ca-e15c978ba7cc4b21,PRICE_ADJUSTED_STRUCTURAL_V1,PARSED
NSE:RPPL:EQ,RPPL,2024-02-26,BONUS,0.3333333333333333333333333333,0.1666666666666666666666666666,3,VERIFIED_OFFICIAL,nse-ca-bdfb7dfad1580235,PRICE_ADJUSTED_STRUCTURAL_V1,PARSED
NSE:RPPL:EQ,RPPL,2024-09-17,STOCK_SPLIT,0.5,0.5,2,VERIFIED_OFFICIAL,nse-ca-c88c8c10ab9748ea,PRICE_ADJUSTED_STRUCTURAL_V1,PARSED
NSE:RUBYMILLS:EQ,RUBYMILLS,2022-09-23,BONUS,0.5,0.5,2,VERIFIED_OFFICIAL,nse-ca-c5c74df9771d36a9,PRICE_ADJUSTED_STRUCTURAL_V1,PARSED
NSE:RUCHIRA:EQ,RUCHIRA,2022-10-10,BONUS,0.9090909090909090909090909091,0.9090909090909090909090909091,1.1,VERIFIED_OFFICIAL,nse-ca-43ec05403798eb6c,PRICE_ADJUSTED_STRUCTURAL_V1,PARSED
NSE:RUSHIL:EQ,RUSHIL,2024-08-09,STOCK_SPLIT,0.1,0.1,10,VERIFIED_OFFICIAL,nse-ca-b7483ca5aafe62a7,PRICE_ADJUSTED_STRUCTURAL_V1,PARSED
NSE:SADHNANIQ:EQ,SADHNANIQ,2023-07-05,BONUS,0.8181818181818181818181818182,0.8181818181818181818181818182,1.222222222222222222222222222,VERIFIED_OFFICIAL,nse-ca-a32efdc55f3a8bad,PRICE_ADJUSTED_STRUCTURAL_V1,PARSED
NSE:SAFARI:EQ,SAFARI,2023-12-12,BONUS,0.5,0.5,2,VERIFIED_OFFICIAL,nse-ca-90179eeedf574f76,PRICE_ADJUSTED_STRUCTURAL_V1,PARSED
NSE:SAKSOFT:EQ,SAKSOFT,2022-09-23,STOCK_SPLIT,0.1,0.08,10,VERIFIED_OFFICIAL,nse-ca-ec77ee325a71f902,PRICE_ADJUSTED_STRUCTURAL_V1,PARSED
NSE:SAKSOFT:EQ,SAKSOFT,2024-09-19,BONUS,0.8,0.8,1.25,VERIFIED_OFFICIAL,nse-ca-736e5f6b353a7e65,PRICE_ADJUSTED_STRUCTURAL_V1,PARSED
NSE:SAKUMA:EQ,SAKUMA,2024-08-09,BONUS,0.2,0.2,5,VERIFIED_OFFICIAL,nse-ca-0ce983d07ab8dd52,PRICE_ADJUSTED_STRUCTURAL_V1,PARSED
NSE:SALASAR:EQ,SALASAR,2022-06-27,STOCK_SPLIT,0.1,0.02,10,VERIFIED_OFFICIAL,nse-ca-f6c788f4958ff69e,PRICE_ADJUSTED_STRUCTURAL_V1,PARSED
NSE:SALASAR:EQ,SALASAR,2024-02-01,BONUS,0.2,0.2,5,VERIFIED_OFFICIAL,nse-ca-a8b3e5436db7adde,PRICE_ADJUSTED_STRUCTURAL_V1,PARSED
NSE:SANDUMA:EQ,SANDUMA,2024-02-02,BONUS,0.1666666666666666666666666667,0.05555555555555555555555555556,5.999999999999999999999999999,VERIFIED_OFFICIAL,nse-ca-f68304bfb867cf93,PRICE_ADJUSTED_STRUCTURAL_V1,PARSED
NSE:SANDUMA:EQ,SANDUMA,2025-09-22,BONUS,0.3333333333333333333333333333,0.3333333333333333333333333333,3,VERIFIED_OFFICIAL,nse-ca-35032f5504219795,PRICE_ADJUSTED_STRUCTURAL_V1,PARSED
NSE:SANGHVIMOV:EQ,SANGHVIMOV,2024-09-27,STOCK_SPLIT,0.5,0.5,2,VERIFIED_OFFICIAL,nse-ca-821aed8b2b86e16b,PRICE_ADJUSTED_STRUCTURAL_V1,PARSED
NSE:SAPPHIRE:EQ,SAPPHIRE,2024-09-05,STOCK_SPLIT,0.2,0.2,5,VERIFIED_OFFICIAL,nse-ca-bf9ef6254adc3a3b,PRICE_ADJUSTED_STRUCTURAL_V1,PARSED
NSE:SARDAEN:EQ,SARDAEN,2023-08-04,STOCK_SPLIT,0.1,0.1,10,VERIFIED_OFFICIAL,nse-ca-b7ab978937581765,PRICE_ADJUSTED_STRUCTURAL_V1,PARSED
NSE:SAREGAMA:EQ,SAREGAMA,2022-04-26,STOCK_SPLIT,0.1,0.1,10,VERIFIED_OFFICIAL,nse-ca-514d251998e43ab8,PRICE_ADJUSTED_STRUCTURAL_V1,PARSED
NSE:SARVESHWAR:EQ,SARVESHWAR,2023-09-15,BONUS,0.3333333333333333333333333333,0.3333333333333333333333333333,3,VERIFIED_OFFICIAL,nse-ca-00c853e9f9b313fb,PRICE_ADJUSTED_STRUCTURAL_V1,PARSED
NSE:SARVESHWAR:EQ,SARVESHWAR,2023-09-15,STOCK_SPLIT,0.1,0.03333333333333333333333333333,10,VERIFIED_OFFICIAL,nse-ca-5785c92e4581eae2,PRICE_ADJUSTED_STRUCTURAL_V1,PARSED
NSE:SBC:EQ,SBC,2022-02-22,BONUS,0.5,0.2222222222222222222222222222,2,VERIFIED_OFFICIAL,nse-ca-b637b00f7a86cd25,PRICE_ADJUSTED_STRUCTURAL_V1,PARSED
NSE:SBC:EQ,SBC,2022-02-22,STOCK_SPLIT,0.1,0.02222222222222222222222222222,10,VERIFIED_OFFICIAL,nse-ca-ec972cf4b15dcd51,PRICE_ADJUSTED_STRUCTURAL_V1,PARSED
NSE:SBC:EQ,SBC,2024-01-19,BONUS,0.6666666666666666666666666667,0.4444444444444444444444444445,1.5,VERIFIED_OFFICIAL,nse-ca-62357fc7d97f5255,PRICE_ADJUSTED_STRUCTURAL_V1,PARSED
NSE:SBC:EQ,SBC,2025-03-10,BONUS,0.6666666666666666666666666667,0.6666666666666666666666666667,1.5,VERIFIED_OFFICIAL,nse-ca-61fed3772aeae9e5,PRICE_ADJUSTED_STRUCTURAL_V1,PARSED
NSE:SBCL:EQ,SBCL,2022-10-12,BONUS,0.6666666666666666666666666667,0.6666666666666666666666666667,1.5,VERIFIED_OFFICIAL,nse-ca-8fe168667ff72a87,PRICE_ADJUSTED_STRUCTURAL_V1,PARSED
NSE:SBGLP:EQ,SBGLP,2024-04-18,STOCK_SPLIT,0.1,0.1,10,VERIFIED_OFFICIAL,nse-ca-357edce0bbdd3cd1,PRICE_ADJUSTED_STRUCTURAL_V1,PARSED
NSE:SCHAEFFLER:EQ,SCHAEFFLER,2022-02-08,STOCK_SPLIT,0.2,0.2,5,VERIFIED_OFFICIAL,nse-ca-318c99529234978f,PRICE_ADJUSTED_STRUCTURAL_V1,PARSED
NSE:SDBL:EQ,SDBL,2024-05-24,STOCK_SPLIT,0.4,0.4,2.5,VERIFIED_OFFICIAL,nse-ca-380465f027dfb600,PRICE_ADJUSTED_STRUCTURAL_V1,PARSED
NSE:SECURCRED:EQ,SECURCRED,2023-01-04,BONUS,0.25,0.25,4,VERIFIED_OFFICIAL,nse-ca-15a7690893510283,PRICE_ADJUSTED_STRUCTURAL_V1,PARSED
NSE:SENCO:EQ,SENCO,2025-01-31,STOCK_SPLIT,0.5,0.5,2,VERIFIED_OFFICIAL,nse-ca-003b255179d9044a,PRICE_ADJUSTED_STRUCTURAL_V1,PARSED
NSE:SERVOTECH:EQ,SERVOTECH,2023-02-03,STOCK_SPLIT,0.2,0.1,5,VERIFIED_OFFICIAL,nse-ca-93036a469c69b771,PRICE_ADJUSTED_STRUCTURAL_V1,PARSED
NSE:SERVOTECH:EQ,SERVOTECH,2023-07-28,STOCK_SPLIT,0.5,0.5,2,VERIFIED_OFFICIAL,nse-ca-8523d9ef7b46c1b9,PRICE_ADJUSTED_STRUCTURAL_V1,PARSED
NSE:SFL:EQ,SFL,2022-12-21,BONUS,0.5,0.5,2,VERIFIED_OFFICIAL,nse-ca-69d4f7b2f19e273d,PRICE_ADJUSTED_STRUCTURAL_V1,PARSED
NSE:SHAILY:EQ,SHAILY,2023-11-23,STOCK_SPLIT,0.2,0.2,5,VERIFIED_OFFICIAL,nse-ca-f1c8f9e9d7b627fd,PRICE_ADJUSTED_STRUCTURAL_V1,PARSED
NSE:SHAKTIPUMP:EQ,SHAKTIPUMP,2024-11-25,BONUS,0.1666666666666666666666666667,0.1666666666666666666666666667,5.999999999999999999999999999,VERIFIED_OFFICIAL,nse-ca-de08183e7fa5d7e0,PRICE_ADJUSTED_STRUCTURAL_V1,PARSED
NSE:SHARDAMOTR:EQ,SHARDAMOTR,2025-07-04,BONUS,0.5,0.5,2,VERIFIED_OFFICIAL,nse-ca-ba5fd250f30b7603,PRICE_ADJUSTED_STRUCTURAL_V1,PARSED
NSE:SHAREINDIA:EQ,SHAREINDIA,2024-06-27,STOCK_SPLIT,0.2,0.2,5,VERIFIED_OFFICIAL,nse-ca-308d7ca927e12578,PRICE_ADJUSTED_STRUCTURAL_V1,PARSED
NSE:SHILPAMED:EQ,SHILPAMED,2025-10-03,BONUS,0.5,0.5,2,VERIFIED_OFFICIAL,nse-ca-04a9495b1286d9c8,PRICE_ADJUSTED_STRUCTURAL_V1,PARSED
NSE:SHRADHA:EQ,SHRADHA,2023-01-20,STOCK_SPLIT,0.5,0.2,2,VERIFIED_OFFICIAL,nse-ca-6e313aab810e2326,PRICE_ADJUSTED_STRUCTURAL_V1,PARSED
NSE:SHRADHA:EQ,SHRADHA,2024-12-10,STOCK_SPLIT,0.4,0.4,2.5,VERIFIED_OFFICIAL,nse-ca-17cff855cc6fd7a4,PRICE_ADJUSTED_STRUCTURAL_V1,PARSED
NSE:SHRIPISTON:EQ,SHRIPISTON,2023-07-24,BONUS,0.5,0.5,2,VERIFIED_OFFICIAL,nse-ca-7568c8244b48973f,PRICE_ADJUSTED_STRUCTURAL_V1,PARSED
NSE:SHRIRAMFIN:EQ,SHRIRAMFIN,2025-01-10,STOCK_SPLIT,0.2,0.2,5,VERIFIED_OFFICIAL,nse-ca-28e61f1ec3793b9b,PRICE_ADJUSTED_STRUCTURAL_V1,PARSED
NSE:SIGACHI:EQ,SIGACHI,2023-10-09,STOCK_SPLIT,0.1,0.1,10,VERIFIED_OFFICIAL,nse-ca-0dcd8542af5ec5f4,PRICE_ADJUSTED_STRUCTURAL_V1,PARSED
NSE:SIGMA:EQ,SIGMA,2025-10-06,STOCK_SPLIT,0.1,0.1,10,VERIFIED_OFFICIAL,nse-ca-d23d185ee3b48926,PRICE_ADJUSTED_STRUCTURAL_V1,PARSED
NSE:SIKKO:EQ,SIKKO,2022-10-28,BONUS,0.6666666666666666666666666667,0.03333333333333333333333333334,1.5,VERIFIED_OFFICIAL,nse-ca-af44d04bc20c9681,PRICE_ADJUSTED_STRUCTURAL_V1,PARSED
NSE:SIKKO:EQ,SIKKO,2025-11-27,STOCK_SPLIT,0.1,0.05,10,VERIFIED_OFFICIAL,nse-ca-e9cdc93098122ff5,PRICE_ADJUSTED_STRUCTURAL_V1,PARSED
NSE:SIKKO:EQ,SIKKO,2025-12-08,BONUS,0.5,0.5,2,VERIFIED_OFFICIAL,nse-ca-d6ffe8e4be54ea71,PRICE_ADJUSTED_STRUCTURAL_V1,PARSED
NSE:SILVERTUC:EQ,SILVERTUC,2026-03-06,BONUS,0.5,0.5,2,VERIFIED_OFFICIAL,nse-ca-2a86cedf9b91024b,PRICE_ADJUSTED_STRUCTURAL_V1,PARSED
NSE:SILVERTUC:EQ,SILVERTUC,2026-03-06,STOCK_SPLIT,0.2,0.1,5,VERIFIED_OFFICIAL,nse-ca-e0ff5c7a6871af9a,PRICE_ADJUSTED_STRUCTURAL_V1,PARSED
NSE:SIRCA:EQ,SIRCA,2023-05-11,BONUS,0.5,0.5,2,VERIFIED_OFFICIAL,nse-ca-b92c8b4f7618521e,PRICE_ADJUSTED_STRUCTURAL_V1,PARSED
NSE:SKMEGGPROD:EQ,SKMEGGPROD,2026-01-12,STOCK_SPLIT,0.5,0.5,2,VERIFIED_OFFICIAL,nse-ca-b8d36c82fe06240f,PRICE_ADJUSTED_STRUCTURAL_V1,PARSED
NSE:SKYGOLD:EQ,SKYGOLD,2024-12-16,BONUS,0.1,0.1,10,VERIFIED_OFFICIAL,nse-ca-de250fdffb9af51b,PRICE_ADJUSTED_STRUCTURAL_V1,PARSED
NSE:SMCGLOBAL:EQ,SMCGLOBAL,2025-11-14,BONUS,0.5,0.5,2,VERIFIED_OFFICIAL,nse-ca-67c84715d8de7545,PRICE_ADJUSTED_STRUCTURAL_V1,PARSED
NSE:SONAMLTD:EQ,SONAMLTD,2022-07-14,BONUS,0.5,0.25,2,VERIFIED_OFFICIAL,nse-ca-92c669c99b850c96,PRICE_ADJUSTED_STRUCTURAL_V1,PARSED
NSE:SONAMLTD:EQ,SONAMLTD,2024-05-10,STOCK_SPLIT,0.5,0.5,2,VERIFIED_OFFICIAL,nse-ca-64643a1a8e39befa,PRICE_ADJUSTED_STRUCTURAL_V1,PARSED
NSE:SONATSOFTW:EQ,SONATSOFTW,2022-09-08,BONUS,0.75,0.375,1.333333333333333333333333333,VERIFIED_OFFICIAL,nse-ca-fe2308a96924c258,PRICE_ADJUSTED_STRUCTURAL_V1,PARSED
NSE:SONATSOFTW:EQ,SONATSOFTW,2023-12-12,BONUS,0.5,0.5,2,VERIFIED_OFFICIAL,nse-ca-a34e63f95d9f5f8f,PRICE_ADJUSTED_STRUCTURAL_V1,PARSED
NSE:SOTL:EQ,SOTL,2022-09-01,STOCK_SPLIT,0.2,0.2,5,VERIFIED_OFFICIAL,nse-ca-ce4fc413a8828093,PRICE_ADJUSTED_STRUCTURAL_V1,PARSED
NSE:SPLPETRO:EQ,SPLPETRO,2023-01-06,STOCK_SPLIT,0.5,0.5,2,VERIFIED_OFFICIAL,nse-ca-e4934e68fe9cbb38,PRICE_ADJUSTED_STRUCTURAL_V1,PARSED
NSE:SPORTKING:EQ,SPORTKING,2024-09-13,STOCK_SPLIT,0.1,0.1,10,VERIFIED_OFFICIAL,nse-ca-2d1c993ba74c85bd,PRICE_ADJUSTED_STRUCTURAL_V1,PARSED
NSE:SRF:EQ,SRF,2021-10-13,BONUS,0.2,0.2,5,VERIFIED_OFFICIAL,nse-ca-7bd04bbea3a9d274,PRICE_ADJUSTED_STRUCTURAL_V1,PARSED
NSE:SRPL:EQ,SRPL,2023-05-19,STOCK_SPLIT,0.1,0.1,10,VERIFIED_OFFICIAL,nse-ca-620c1f1e71c7fbfe,PRICE_ADJUSTED_STRUCTURAL_V1,PARSED
NSE:SSWL:EQ,SSWL,2021-11-18,STOCK_SPLIT,0.5,0.1,2,VERIFIED_OFFICIAL,nse-ca-12656805e2c9fc45,PRICE_ADJUSTED_STRUCTURAL_V1,PARSED
NSE:SSWL:EQ,SSWL,2022-11-10,STOCK_SPLIT,0.2,0.2,5,VERIFIED_OFFICIAL,nse-ca-d2dd8853729b2c45,PRICE_ADJUSTED_STRUCTURAL_V1,PARSED
NSE:STEELCAS:EQ,STEELCAS,2025-08-29,STOCK_SPLIT,0.2,0.2,5,VERIFIED_OFFICIAL,nse-ca-42d82deb60b38c81,PRICE_ADJUSTED_STRUCTURAL_V1,PARSED
NSE:STEELXIND:EQ,STEELXIND,2022-07-12,STOCK_SPLIT,0.1,0.1,10,VERIFIED_OFFICIAL,nse-ca-c45325037b8a92e2,PRICE_ADJUSTED_STRUCTURAL_V1,PARSED
NSE:SUKHJITS:EQ,SUKHJITS,2024-10-25,STOCK_SPLIT,0.5,0.5,2,VERIFIED_OFFICIAL,nse-ca-9cf490e5beb99a3a,PRICE_ADJUSTED_STRUCTURAL_V1,PARSED
NSE:SUMEETINDS:EQ,SUMEETINDS,2025-10-03,STOCK_SPLIT,0.2,0.2,5,VERIFIED_OFFICIAL,nse-ca-e84535e9cb81ce31,PRICE_ADJUSTED_STRUCTURAL_V1,PARSED
NSE:SUPREMEENG:EQ,SUPREMEENG,2022-03-03,STOCK_SPLIT,0.1,0.1,10,VERIFIED_OFFICIAL,nse-ca-2d793d3d0d4ea2f1,PRICE_ADJUSTED_STRUCTURAL_V1,PARSED
NSE:SURYAROSNI:EQ,SURYAROSNI,2023-10-06,STOCK_SPLIT,0.5,0.25,2,VERIFIED_OFFICIAL,nse-ca-0e33dc145fa7cdf9,PRICE_ADJUSTED_STRUCTURAL_V1,PARSED
NSE:SURYAROSNI:EQ,SURYAROSNI,2025-01-01,BONUS,0.5,0.5,2,VERIFIED_OFFICIAL,nse-ca-5cd4e85b4e7179dd,PRICE_ADJUSTED_STRUCTURAL_V1,PARSED
NSE:SUULD:EQ,SUULD,2022-03-30,BONUS,0.5,0.5,2,VERIFIED_OFFICIAL,nse-ca-ce4971ea42998456,PRICE_ADJUSTED_STRUCTURAL_V1,PARSED
NSE:TALBROAUTO:EQ,TALBROAUTO,2023-10-27,STOCK_SPLIT,0.2,0.2,5,VERIFIED_OFFICIAL,nse-ca-253ff79c9aa23443,PRICE_ADJUSTED_STRUCTURAL_V1,PARSED
NSE:TARACHAND:EQ,TARACHAND,2024-12-05,STOCK_SPLIT,0.2,0.2,5,VERIFIED_OFFICIAL,nse-ca-4e9062f34bce303e,PRICE_ADJUSTED_STRUCTURAL_V1,PARSED
NSE:TARIL:EQ,TARIL,2025-02-14,BONUS,0.5,0.5,2,VERIFIED_OFFICIAL,nse-ca-e2b9976558bb54d7,PRICE_ADJUSTED_STRUCTURAL_V1,PARSED
NSE:TATAINVEST:EQ,TATAINVEST,2025-10-14,STOCK_SPLIT,0.1,0.1,10,VERIFIED_OFFICIAL,nse-ca-83aa26c4ebd901e8,PRICE_ADJUSTED_STRUCTURAL_V1,PARSED
NSE:TATASTEEL:EQ,TATASTEEL,2022-07-28,STOCK_SPLIT,0.1,0.1,10,VERIFIED_OFFICIAL,nse-ca-5a50149313260c1b,PRICE_ADJUSTED_STRUCTURAL_V1,PARSED
NSE:TCC:EQ,TCC,2026-09-04,STOCK_SPLIT,0.2,0.2,5,VERIFIED_OFFICIAL,nse-ca-b940a3f1fc3d144f,PRICE_ADJUSTED_STRUCTURAL_V1,PARSED
NSE:TDPOWERSYS:EQ,TDPOWERSYS,2022-10-31,STOCK_SPLIT,0.2,0.1,5,VERIFIED_OFFICIAL,nse-ca-bb48a8515d3f0ffe,PRICE_ADJUSTED_STRUCTURAL_V1,PARSED
NSE:TDPOWERSYS:EQ,TDPOWERSYS,2026-08-24,STOCK_SPLIT,0.5,0.5,2,VERIFIED_OFFICIAL,nse-ca-37016037e3cfe12a,PRICE_ADJUSTED_STRUCTURAL_V1,PARSED
NSE:TEMBO:EQ,TEMBO,2026-08-05,STOCK_SPLIT,0.1,0.1,10,VERIFIED_OFFICIAL,nse-ca-d43540bcf6abb0e2,PRICE_ADJUSTED_STRUCTURAL_V1,PARSED
NSE:TFCILTD:EQ,TFCILTD,2025-09-19,STOCK_SPLIT,0.2,0.2,5,VERIFIED_OFFICIAL,nse-ca-adf1a820cb1af37f,PRICE_ADJUSTED_STRUCTURAL_V1,PARSED
NSE:THANGAMAYL:EQ,THANGAMAYL,2023-07-17,BONUS,0.5,0.5,2,VERIFIED_OFFICIAL,nse-ca-d80d398f2a675537,PRICE_ADJUSTED_STRUCTURAL_V1,PARSED
NSE:THEMISMED:EQ,THEMISMED,2023-10-10,STOCK_SPLIT,0.1,0.1,10,VERIFIED_OFFICIAL,nse-ca-0281111f0c6bfafa,PRICE_ADJUSTED_STRUCTURAL_V1,PARSED
NSE:THYROCARE:EQ,THYROCARE,2025-11-28,BONUS,0.3333333333333333333333333333,0.3333333333333333333333333333,3,VERIFIED_OFFICIAL,nse-ca-47b8dc22a70f8c1c,PRICE_ADJUSTED_STRUCTURAL_V1,PARSED
NSE:TIMETECHNO:EQ,TIMETECHNO,2025-09-23,BONUS,0.5,0.5,2,VERIFIED_OFFICIAL,nse-ca-4f70afd5f965562c,PRICE_ADJUSTED_STRUCTURAL_V1,PARSED
NSE:TIPSMUSIC:EQ,TIPSMUSIC,2023-04-21,STOCK_SPLIT,0.1,0.1,10,VERIFIED_OFFICIAL,nse-ca-3c3d1577ed251b7a,PRICE_ADJUSTED_STRUCTURAL_V1,PARSED
NSE:TIRUPATIFL:EQ,TIRUPATIFL,2021-10-07,BONUS,0.5714285714285714285714285714,0.5714285714285714285714285714,1.75,VERIFIED_OFFICIAL,nse-ca-2a75a12d4f9961e1,PRICE_ADJUSTED_STRUCTURAL_V1,PARSED
NSE:TIRUPATIFL:EQ,TIRUPATIFL,2021-10-07,STOCK_SPLIT,0.2,0.1142857142857142857142857143,5,VERIFIED_OFFICIAL,nse-ca-48586c3c5196a560,PRICE_ADJUSTED_STRUCTURAL_V1,PARSED
NSE:TORNTPHARM:EQ,TORNTPHARM,2022-07-08,BONUS,0.5,0.5,2,VERIFIED_OFFICIAL,nse-ca-01fae0e8cd6fa94d,PRICE_ADJUSTED_STRUCTURAL_V1,PARSED
NSE:TPHQ:EQ,TPHQ,2023-12-14,STOCK_SPLIT,0.1,0.1,10,VERIFIED_OFFICIAL,nse-ca-9c926ae22d3241e9,PRICE_ADJUSTED_STRUCTURAL_V1,PARSED
NSE:TPLPLASTEH:EQ,TPLPLASTEH,2021-09-16,BONUS,0.5,0.1,2,VERIFIED_OFFICIAL,nse-ca-1dba479a4d9437db,PRICE_ADJUSTED_STRUCTURAL_V1,PARSED
NSE:TPLPLASTEH:EQ,TPLPLASTEH,2022-10-19,STOCK_SPLIT,0.2,0.2,5,VERIFIED_OFFICIAL,nse-ca-ecde5390f9ec599a,PRICE_ADJUSTED_STRUCTURAL_V1,PARSED
NSE:TRENT:EQ,TRENT,2026-06-04,BONUS,0.6666666666666666666666666667,0.6666666666666666666666666667,1.5,VERIFIED_OFFICIAL,nse-ca-3eb26348928057a8,PRICE_ADJUSTED_STRUCTURAL_V1,PARSED
NSE:TTKPRESTIG:EQ,TTKPRESTIG,2021-12-14,STOCK_SPLIT,0.1,0.1,10,VERIFIED_OFFICIAL,nse-ca-5b2c7e98efa18a1e,PRICE_ADJUSTED_STRUCTURAL_V1,PARSED
NSE:TTL:EQ,TTL,2025-02-12,STOCK_SPLIT,0.1,0.1,10,VERIFIED_OFFICIAL,nse-ca-11c54bbf5116cf4c,PRICE_ADJUSTED_STRUCTURAL_V1,PARSED
NSE:UEL:EQ,UEL,2024-09-20,BONUS,0.8,0.1587301587301587301587301587,1.25,VERIFIED_OFFICIAL,nse-ca-4d4951ccfa8ad5c1,PRICE_ADJUSTED_STRUCTURAL_V1,PARSED
NSE:UEL:EQ,UEL,2025-05-30,BONUS,0.5952380952380952380952380952,0.1984126984126984126984126984,1.68,VERIFIED_OFFICIAL,nse-ca-a96bb52f9a248022,PRICE_ADJUSTED_STRUCTURAL_V1,PARSED
NSE:UEL:EQ,UEL,2025-10-10,BONUS,0.3333333333333333333333333333,0.3333333333333333333333333333,3,VERIFIED_OFFICIAL,nse-ca-ccf883f4f6d49af7,PRICE_ADJUSTED_STRUCTURAL_V1,PARSED
NSE:UNITEDPOLY:EQ,UNITEDPOLY,2025-05-02,STOCK_SPLIT,0.1,0.1,10,VERIFIED_OFFICIAL,nse-ca-7d7c246cef5f7356,PRICE_ADJUSTED_STRUCTURAL_V1,PARSED
NSE:UNIVASTU:EQ,UNIVASTU,2025-10-13,BONUS,0.3333333333333333333333333333,0.3333333333333333333333333333,3,VERIFIED_OFFICIAL,nse-ca-cfa2c9d836af77e7,PRICE_ADJUSTED_STRUCTURAL_V1,PARSED
NSE:UNOMINDA:EQ,UNOMINDA,2022-07-07,BONUS,0.5,0.5,2,VERIFIED_OFFICIAL,nse-ca-d1b2163a0d307528,PRICE_ADJUSTED_STRUCTURAL_V1,PARSED
NSE:V2RETAIL:EQ,V2RETAIL,2026-03-25,STOCK_SPLIT,0.1,0.1,10,VERIFIED_OFFICIAL,nse-ca-cda1b0653ed523b2,PRICE_ADJUSTED_STRUCTURAL_V1,PARSED
NSE:VAISHALI:EQ,VAISHALI,2024-10-15,BONUS,0.5,0.5,2,VERIFIED_OFFICIAL,nse-ca-20d4fef7ec508d3c,PRICE_ADJUSTED_STRUCTURAL_V1,PARSED
NSE:VAISHALI:EQ,VAISHALI,2024-10-15,STOCK_SPLIT,0.2,0.1,5,VERIFIED_OFFICIAL,nse-ca-f525e2db43dc86e3,PRICE_ADJUSTED_STRUCTURAL_V1,PARSED
NSE:VARDMNPOLY:EQ,VARDMNPOLY,2024-05-17,STOCK_SPLIT,0.1,0.1,10,VERIFIED_OFFICIAL,nse-ca-f2d0cc255e81a29b,PRICE_ADJUSTED_STRUCTURAL_V1,PARSED
NSE:VBL:EQ,VBL,2022-06-06,BONUS,0.6666666666666666666666666667,0.1333333333333333333333333333,1.5,VERIFIED_OFFICIAL,nse-ca-5225640c259d5c73,PRICE_ADJUSTED_STRUCTURAL_V1,PARSED
NSE:VBL:EQ,VBL,2023-06-15,STOCK_SPLIT,0.5,0.2,2,VERIFIED_OFFICIAL,nse-ca-277d022dc5610790,PRICE_ADJUSTED_STRUCTURAL_V1,PARSED
NSE:VBL:EQ,VBL,2024-09-12,STOCK_SPLIT,0.4,0.4,2.5,VERIFIED_OFFICIAL,nse-ca-271a1d23ddddafc6,PRICE_ADJUSTED_STRUCTURAL_V1,PARSED
NSE:VCL:EQ,VCL,2023-02-15,STOCK_SPLIT,0.5,0.5,2,VERIFIED_OFFICIAL,nse-ca-ebca68f6a2f59bc0,PRICE_ADJUSTED_STRUCTURAL_V1,PARSED
NSE:VERTOZ:EQ,VERTOZ,2024-07-05,STOCK_SPLIT,0.1,0.1,10,VERIFIED_OFFICIAL,nse-ca-5922629dab9f4732,PRICE_ADJUSTED_STRUCTURAL_V1,PARSED
NSE:VERTOZ:EQ,VERTOZ,2024-07-05,BONUS,0.5,0.05,2,VERIFIED_OFFICIAL,nse-ca-5d1f898247f7f025,PRICE_ADJUSTED_STRUCTURAL_V1,PARSED
NSE:VESUVIUS:EQ,VESUVIUS,2025-06-10,STOCK_SPLIT,0.1,0.1,10,VERIFIED_OFFICIAL,nse-ca-1c9615a8f1cb562b,PRICE_ADJUSTED_STRUCTURAL_V1,PARSED
NSE:VGL:EQ,VGL,2026-03-02,STOCK_SPLIT,0.5,0.5,2,VERIFIED_OFFICIAL,nse-ca-bdf1cfd3b453bf0f,PRICE_ADJUSTED_STRUCTURAL_V1,PARSED
NSE:VIMTALABS:EQ,VIMTALABS,2025-06-13,BONUS,0.5,0.5,2,VERIFIED_OFFICIAL,nse-ca-4f749366ff337321,PRICE_ADJUSTED_STRUCTURAL_V1,PARSED
NSE:VINNY:EQ,VINNY,2023-02-24,STOCK_SPLIT,0.1,0.1,10,VERIFIED_OFFICIAL,nse-ca-0d5fa9c8dcc3225c,PRICE_ADJUSTED_STRUCTURAL_V1,PARSED
NSE:VINNY:EQ,VINNY,2023-02-24,BONUS,0.4347826086956521739130434783,0.04347826086956521739130434783,2.3,VERIFIED_OFFICIAL,nse-ca-7ee61013b2956cf8,PRICE_ADJUSTED_STRUCTURAL_V1,PARSED
NSE:VISAKAIND:EQ,VISAKAIND,2023-05-15,STOCK_SPLIT,0.2,0.2,5,VERIFIED_OFFICIAL,nse-ca-2c979b206f52c663,PRICE_ADJUSTED_STRUCTURAL_V1,PARSED
NSE:VISHAL:EQ,VISHAL,2022-03-10,BONUS,0.3333333333333333333333333333,0.3333333333333333333333333333,3,VERIFIED_OFFICIAL,nse-ca-79db3d812d38626e,PRICE_ADJUSTED_STRUCTURAL_V1,PARSED
NSE:VISHNU:EQ,VISHNU,2023-01-13,STOCK_SPLIT,0.2,0.2,5,VERIFIED_OFFICIAL,nse-ca-0e30b299a9f721d4,PRICE_ADJUSTED_STRUCTURAL_V1,PARSED
NSE:VISHWARAJ:EQ,VISHWARAJ,2021-10-21,STOCK_SPLIT,0.2,0.2,5,VERIFIED_OFFICIAL,nse-ca-68afad1a6c956b26,PRICE_ADJUSTED_STRUCTURAL_V1,PARSED
NSE:VMART:EQ,VMART,2025-06-23,BONUS,0.25,0.25,4,VERIFIED_OFFICIAL,nse-ca-113c9f334a17dd29,PRICE_ADJUSTED_STRUCTURAL_V1,PARSED
NSE:VRLLOG:EQ,VRLLOG,2025-08-14,BONUS,0.5,0.5,2,VERIFIED_OFFICIAL,nse-ca-11ca5dbd86605e6a,PRICE_ADJUSTED_STRUCTURAL_V1,PARSED
NSE:VSSL:EQ,VSSL,2023-05-26,BONUS,0.5,0.5,2,VERIFIED_OFFICIAL,nse-ca-af7ca68a714228f6,PRICE_ADJUSTED_STRUCTURAL_V1,PARSED
NSE:VSTIND:EQ,VSTIND,2024-09-06,BONUS,0.09090909090909090909090909091,0.09090909090909090909090909091,11,VERIFIED_OFFICIAL,nse-ca-d997fabdc950b9c2,PRICE_ADJUSTED_STRUCTURAL_V1,PARSED
NSE:VTL:EQ,VTL,2022-03-24,STOCK_SPLIT,0.2,0.2,5,VERIFIED_OFFICIAL,nse-ca-c896a04ee2077304,PRICE_ADJUSTED_STRUCTURAL_V1,PARSED
NSE:WEBELSOLAR:EQ,WEBELSOLAR,2025-11-14,STOCK_SPLIT,0.1,0.1,10,VERIFIED_OFFICIAL,nse-ca-8bd16a572d17eca0,PRICE_ADJUSTED_STRUCTURAL_V1,PARSED
NSE:WEL:EQ,WEL,2024-11-12,STOCK_SPLIT,0.1,0.1,10,VERIFIED_OFFICIAL,nse-ca-c5748245b3792af7,PRICE_ADJUSTED_STRUCTURAL_V1,PARSED
NSE:WIPRO:EQ,WIPRO,2024-12-03,BONUS,0.5,0.5,2,VERIFIED_OFFICIAL,nse-ca-8cfaf5a24dd2192a,PRICE_ADJUSTED_STRUCTURAL_V1,PARSED
NSE:XPROINDIA:EQ,XPROINDIA,2022-07-01,BONUS,0.6666666666666666666666666667,0.6666666666666666666666666667,1.5,VERIFIED_OFFICIAL,nse-ca-027b80ed4fbe1603,PRICE_ADJUSTED_STRUCTURAL_V1,PARSED
NSE:ZFCVINDIA:EQ,ZFCVINDIA,2026-06-24,BONUS,0.1666666666666666666666666667,0.1666666666666666666666666667,5.999999999999999999999999999,VERIFIED_OFFICIAL,nse-ca-7d450e8755afa9a4,PRICE_ADJUSTED_STRUCTURAL_V1,PARSED
NSE:ZIMLAB:EQ,ZIMLAB,2022-12-22,BONUS,0.3333333333333333333333333333,0.3333333333333333333333333333,3,VERIFIED_OFFICIAL,nse-ca-20703ef4d5d6a223,PRICE_ADJUSTED_STRUCTURAL_V1,PARSED
NSE:ZYDUSWELL:EQ,ZYDUSWELL,2025-09-18,STOCK_SPLIT,0.2,0.2,5,VERIFIED_OFFICIAL,nse-ca-befcaf6b1b9e12d4,PRICE_ADJUSTED_STRUCTURAL_V1,PARSED
