trading_symbol,company_name,isin,sector,industry,index_name,source,source_date,active_current_member
360ONE,360 ONE WAM Ltd.,INE466L01038,,Financial Services,NIFTY 500,https://www.niftyindices.com/IndexConstituent/ind_nifty500list.csv,2026-09-07,True
3MINDIA,3M India Ltd.,INE470A01017,,Diversified,NIFTY 500,https://www.niftyindices.com/IndexConstituent/ind_nifty500list.csv,2026-09-07,True
ABB,ABB India Ltd.,INE117A01022,,Capital Goods,NIFTY 500,https://www.niftyindices.com/IndexConstituent/ind_nifty500list.csv,2026-09-07,True
ACC,ACC Ltd.,INE012A01025,,Construction Materials,NIFTY 500,https://www.niftyindices.com/IndexConstituent/ind_nifty500list.csv,2026-09-07,True
ACMESOLAR,ACME Solar Holdings Ltd.,INE622W01025,,Power,NIFTY 500,https://www.niftyindices.com/IndexConstituent/ind_nifty500list.csv,2026-09-07,True
AIAENG,AIA Engineering Ltd.,INE212H01026,,Capital Goods,NIFTY 500,https://www.niftyindices.com/IndexConstituent/ind_nifty500list.csv,2026-09-07,True
APLAPOLLO,APL Apollo Tubes Ltd.,INE702C01027,,Capital Goods,NIFTY 500,https://www.niftyindices.com/IndexConstituent/ind_nifty500list.csv,2026-09-07,True
AUBANK,AU Small Finance Bank Ltd.,INE949L01017,,Financial Services,NIFTY 500,https://www.niftyindices.com/IndexConstituent/ind_nifty500list.csv,2026-09-07,True
AWL,AWL Agri Business Ltd.,INE699H01024,,Fast Moving Consumer Goods,NIFTY 500,https://www.niftyindices.com/IndexConstituent/ind_nifty500list.csv,2026-09-07,True
AADHARHFC,Aadhar Housing Finance Ltd.,INE883F01010,,Financial Services,NIFTY 500,https://www.niftyindices.com/IndexConstituent/ind_nifty500list.csv,2026-09-07,True
AARTIIND,Aarti Industries Ltd.,INE769A01020,,Chemicals,NIFTY 500,https://www.niftyindices.com/IndexConstituent/ind_nifty500list.csv,2026-09-07,True
AAVAS,Aavas Financiers Ltd.,INE216P01012,,Financial Services,NIFTY 500,https://www.niftyindices.com/IndexConstituent/ind_nifty500list.csv,2026-09-07,True
ABBOTINDIA,Abbott India Ltd.,INE358A01014,,Healthcare,NIFTY 500,https://www.niftyindices.com/IndexConstituent/ind_nifty500list.csv,2026-09-07,True
ACE,Action Construction Equipment Ltd.,INE731H01025,,Capital Goods,NIFTY 500,https://www.niftyindices.com/IndexConstituent/ind_nifty500list.csv,2026-09-07,True
ACUTAAS,Acutaas Chemicals Ltd.,INE00FF01025,,Healthcare,NIFTY 500,https://www.niftyindices.com/IndexConstituent/ind_nifty500list.csv,2026-09-07,True
ADANIENSOL,Adani Energy Solutions Ltd.,INE931S01010,,Power,NIFTY 500,https://www.niftyindices.com/IndexConstituent/ind_nifty500list.csv,2026-09-07,True
ADANIENT,Adani Enterprises Ltd.,INE423A01024,,Metals & Mining,NIFTY 500,https://www.niftyindices.com/IndexConstituent/ind_nifty500list.csv,2026-09-07,True
ADANIGREEN,Adani Green Energy Ltd.,INE364U01010,,Power,NIFTY 500,https://www.niftyindices.com/IndexConstituent/ind_nifty500list.csv,2026-09-07,True
ADANIPORTS,Adani Ports and Special Economic Zone Ltd.,INE742F01042,,Services,NIFTY 500,https://www.niftyindices.com/IndexConstituent/ind_nifty500list.csv,2026-09-07,True
ADANIPOWER,Adani Power Ltd.,INE814H01029,,Power,NIFTY 500,https://www.niftyindices.com/IndexConstituent/ind_nifty500list.csv,2026-09-07,True
ATGL,Adani Total Gas Ltd.,INE399L01023,,Oil Gas & Consumable Fuels,NIFTY 500,https://www.niftyindices.com/IndexConstituent/ind_nifty500list.csv,2026-09-07,True
ABCAPITAL,Aditya Birla Capital Ltd.,INE674K01013,,Financial Services,NIFTY 500,https://www.niftyindices.com/IndexConstituent/ind_nifty500list.csv,2026-09-07,True
ABFRL,Aditya Birla Fashion and Retail Ltd.,INE647O01011,,Consumer Services,NIFTY 500,https://www.niftyindices.com/IndexConstituent/ind_nifty500list.csv,2026-09-07,True
ABLBL,Aditya Birla Lifestyle Brands Ltd.,INE14LE01019,,Consumer Services,NIFTY 500,https://www.niftyindices.com/IndexConstituent/ind_nifty500list.csv,2026-09-07,True
ABREL,Aditya Birla Real Estate Ltd.,INE055A01016,,Realty,NIFTY 500,https://www.niftyindices.com/IndexConstituent/ind_nifty500list.csv,2026-09-07,True
ABSLAMC,Aditya Birla Sun Life AMC Ltd.,INE404A01024,,Financial Services,NIFTY 500,https://www.niftyindices.com/IndexConstituent/ind_nifty500list.csv,2026-09-07,True
CPPLUS,Aditya Infotech Ltd.,INE819V01029,,Capital Goods,NIFTY 500,https://www.niftyindices.com/IndexConstituent/ind_nifty500list.csv,2026-09-07,True
AEGISLOG,Aegis Logistics Ltd.,INE208C01025,,Oil Gas & Consumable Fuels,NIFTY 500,https://www.niftyindices.com/IndexConstituent/ind_nifty500list.csv,2026-09-07,True
AEGISVOPAK,Aegis Vopak Terminals Ltd.,INE0INX01018,,Oil Gas & Consumable Fuels,NIFTY 500,https://www.niftyindices.com/IndexConstituent/ind_nifty500list.csv,2026-09-07,True
AFCONS,Afcons Infrastructure Ltd.,INE101I01011,,Construction,NIFTY 500,https://www.niftyindices.com/IndexConstituent/ind_nifty500list.csv,2026-09-07,True
AFFLE,Affle 3i Ltd.,INE00WC01027,,Information Technology,NIFTY 500,https://www.niftyindices.com/IndexConstituent/ind_nifty500list.csv,2026-09-07,True
AJANTPHARM,Ajanta Pharmaceuticals Ltd.,INE031B01049,,Healthcare,NIFTY 500,https://www.niftyindices.com/IndexConstituent/ind_nifty500list.csv,2026-09-07,True
ALKEM,Alkem Laboratories Ltd.,INE540L01014,,Healthcare,NIFTY 500,https://www.niftyindices.com/IndexConstituent/ind_nifty500list.csv,2026-09-07,True
ABDL,Allied Blenders and Distillers Ltd.,INE552Z01027,,Fast Moving Consumer Goods,NIFTY 500,https://www.niftyindices.com/IndexConstituent/ind_nifty500list.csv,2026-09-07,True
ARE&M,Amara Raja Energy & Mobility Ltd.,INE885A01032,,Automobile and Auto Components,NIFTY 500,https://www.niftyindices.com/IndexConstituent/ind_nifty500list.csv,2026-09-07,True
AMBER,Amber Enterprises India Ltd.,INE371P01015,,Consumer Durables,NIFTY 500,https://www.niftyindices.com/IndexConstituent/ind_nifty500list.csv,2026-09-07,True
AMBUJACEM,Ambuja Cements Ltd.,INE079A01024,,Construction Materials,NIFTY 500,https://www.niftyindices.com/IndexConstituent/ind_nifty500list.csv,2026-09-07,True
ANANDRATHI,Anand Rathi Wealth Ltd.,INE463V01026,,Financial Services,NIFTY 500,https://www.niftyindices.com/IndexConstituent/ind_nifty500list.csv,2026-09-07,True
ANANTRAJ,Anant Raj Ltd.,INE242C01024,,Realty,NIFTY 500,https://www.niftyindices.com/IndexConstituent/ind_nifty500list.csv,2026-09-07,True
ANGELONE,Angel One Ltd.,INE732I01021,,Financial Services,NIFTY 500,https://www.niftyindices.com/IndexConstituent/ind_nifty500list.csv,2026-09-07,True
ANTHEM,Anthem Biosciences Ltd.,INE0CZ201020,,Healthcare,NIFTY 500,https://www.niftyindices.com/IndexConstituent/ind_nifty500list.csv,2026-09-07,True
ANURAS,Anupam Rasayan India Ltd.,INE930P01018,,Chemicals,NIFTY 500,https://www.niftyindices.com/IndexConstituent/ind_nifty500list.csv,2026-09-07,True
APARINDS,Apar Industries Ltd.,INE372A01015,,Capital Goods,NIFTY 500,https://www.niftyindices.com/IndexConstituent/ind_nifty500list.csv,2026-09-07,True
APOLLOHOSP,Apollo Hospitals Enterprise Ltd.,INE437A01024,,Healthcare,NIFTY 500,https://www.niftyindices.com/IndexConstituent/ind_nifty500list.csv,2026-09-07,True
APOLLOTYRE,Apollo Tyres Ltd.,INE438A01022,,Automobile and Auto Components,NIFTY 500,https://www.niftyindices.com/IndexConstituent/ind_nifty500list.csv,2026-09-07,True
APTUS,Aptus Value Housing Finance India Ltd.,INE852O01025,,Financial Services,NIFTY 500,https://www.niftyindices.com/IndexConstituent/ind_nifty500list.csv,2026-09-07,True
ASAHIINDIA,Asahi India Glass Ltd.,INE439A01020,,Automobile and Auto Components,NIFTY 500,https://www.niftyindices.com/IndexConstituent/ind_nifty500list.csv,2026-09-07,True
ASHOKLEY,Ashok Leyland Ltd.,INE208A01029,,Capital Goods,NIFTY 500,https://www.niftyindices.com/IndexConstituent/ind_nifty500list.csv,2026-09-07,True
ASIANPAINT,Asian Paints Ltd.,INE021A01026,,Consumer Durables,NIFTY 500,https://www.niftyindices.com/IndexConstituent/ind_nifty500list.csv,2026-09-07,True
ASTERDM,Aster DM Quality Care Ltd.,INE914M01019,,Healthcare,NIFTY 500,https://www.niftyindices.com/IndexConstituent/ind_nifty500list.csv,2026-09-07,True
ASTRAL,Astral Ltd.,INE006I01046,,Capital Goods,NIFTY 500,https://www.niftyindices.com/IndexConstituent/ind_nifty500list.csv,2026-09-07,True
ATHERENERG,Ather Energy Ltd.,INE0LEZ01016,,Automobile and Auto Components,NIFTY 500,https://www.niftyindices.com/IndexConstituent/ind_nifty500list.csv,2026-09-07,True
ATUL,Atul Ltd.,INE100A01010,,Chemicals,NIFTY 500,https://www.niftyindices.com/IndexConstituent/ind_nifty500list.csv,2026-09-07,True
AUROPHARMA,Aurobindo Pharma Ltd.,INE406A01037,,Healthcare,NIFTY 500,https://www.niftyindices.com/IndexConstituent/ind_nifty500list.csv,2026-09-07,True
AIIL,Authum Investment & Infrastructure Ltd.,INE206F01022,,Financial Services,NIFTY 500,https://www.niftyindices.com/IndexConstituent/ind_nifty500list.csv,2026-09-07,True
DMART,Avenue Supermarts Ltd.,INE192R01011,,Consumer Services,NIFTY 500,https://www.niftyindices.com/IndexConstituent/ind_nifty500list.csv,2026-09-07,True
AXISBANK,Axis Bank Ltd.,INE238A01034,,Financial Services,NIFTY 500,https://www.niftyindices.com/IndexConstituent/ind_nifty500list.csv,2026-09-07,True
BEML,BEML Ltd.,INE258A01024,,Capital Goods,NIFTY 500,https://www.niftyindices.com/IndexConstituent/ind_nifty500list.csv,2026-09-07,True
BLS,BLS International Services Ltd.,INE153T01027,,Consumer Services,NIFTY 500,https://www.niftyindices.com/IndexConstituent/ind_nifty500list.csv,2026-09-07,True
BSE,BSE Ltd.,INE118H01025,,Financial Services,NIFTY 500,https://www.niftyindices.com/IndexConstituent/ind_nifty500list.csv,2026-09-07,True
BAJAJ-AUTO,Bajaj Auto Ltd.,INE917I01010,,Automobile and Auto Components,NIFTY 500,https://www.niftyindices.com/IndexConstituent/ind_nifty500list.csv,2026-09-07,True
BAJFINANCE,Bajaj Finance Ltd.,INE296A01032,,Financial Services,NIFTY 500,https://www.niftyindices.com/IndexConstituent/ind_nifty500list.csv,2026-09-07,True
BAJAJFINSV,Bajaj Finserv Ltd.,INE918I01026,,Financial Services,NIFTY 500,https://www.niftyindices.com/IndexConstituent/ind_nifty500list.csv,2026-09-07,True
BAJAJHLDNG,Bajaj Holdings & Investment Ltd.,INE118A01012,,Financial Services,NIFTY 500,https://www.niftyindices.com/IndexConstituent/ind_nifty500list.csv,2026-09-07,True
BAJAJHFL,Bajaj Housing Finance Ltd.,INE377Y01014,,Financial Services,NIFTY 500,https://www.niftyindices.com/IndexConstituent/ind_nifty500list.csv,2026-09-07,True
BALKRISIND,Balkrishna Industries Ltd.,INE787D01026,,Automobile and Auto Components,NIFTY 500,https://www.niftyindices.com/IndexConstituent/ind_nifty500list.csv,2026-09-07,True
BALRAMCHIN,Balrampur Chini Mills Ltd.,INE119A01028,,Fast Moving Consumer Goods,NIFTY 500,https://www.niftyindices.com/IndexConstituent/ind_nifty500list.csv,2026-09-07,True
BANDHANBNK,Bandhan Bank Ltd.,INE545U01014,,Financial Services,NIFTY 500,https://www.niftyindices.com/IndexConstituent/ind_nifty500list.csv,2026-09-07,True
BANKBARODA,Bank of Baroda,INE028A01039,,Financial Services,NIFTY 500,https://www.niftyindices.com/IndexConstituent/ind_nifty500list.csv,2026-09-07,True
BANKINDIA,Bank of India,INE084A01016,,Financial Services,NIFTY 500,https://www.niftyindices.com/IndexConstituent/ind_nifty500list.csv,2026-09-07,True
MAHABANK,Bank of Maharashtra,INE457A01014,,Financial Services,NIFTY 500,https://www.niftyindices.com/IndexConstituent/ind_nifty500list.csv,2026-09-07,True
BATAINDIA,Bata India Ltd.,INE176A01028,,Consumer Durables,NIFTY 500,https://www.niftyindices.com/IndexConstituent/ind_nifty500list.csv,2026-09-07,True
BAYERCROP,Bayer Cropscience Ltd.,INE462A01022,,Chemicals,NIFTY 500,https://www.niftyindices.com/IndexConstituent/ind_nifty500list.csv,2026-09-07,True
BELRISE,Belrise Industries Ltd.,INE894V01022,,Automobile and Auto Components,NIFTY 500,https://www.niftyindices.com/IndexConstituent/ind_nifty500list.csv,2026-09-07,True
BERGEPAINT,Berger Paints India Ltd.,INE463A01038,,Consumer Durables,NIFTY 500,https://www.niftyindices.com/IndexConstituent/ind_nifty500list.csv,2026-09-07,True
BDL,Bharat Dynamics Ltd.,INE171Z01026,,Capital Goods,NIFTY 500,https://www.niftyindices.com/IndexConstituent/ind_nifty500list.csv,2026-09-07,True
BEL,Bharat Electronics Ltd.,INE263A01024,,Capital Goods,NIFTY 500,https://www.niftyindices.com/IndexConstituent/ind_nifty500list.csv,2026-09-07,True
BHARATFORG,Bharat Forge Ltd.,INE465A01025,,Automobile and Auto Components,NIFTY 500,https://www.niftyindices.com/IndexConstituent/ind_nifty500list.csv,2026-09-07,True
BHEL,Bharat Heavy Electricals Ltd.,INE257A01026,,Capital Goods,NIFTY 500,https://www.niftyindices.com/IndexConstituent/ind_nifty500list.csv,2026-09-07,True
BPCL,Bharat Petroleum Corporation Ltd.,INE029A01011,,Oil Gas & Consumable Fuels,NIFTY 500,https://www.niftyindices.com/IndexConstituent/ind_nifty500list.csv,2026-09-07,True
BHARTIARTL,Bharti Airtel Ltd.,INE397D01024,,Telecommunication,NIFTY 500,https://www.niftyindices.com/IndexConstituent/ind_nifty500list.csv,2026-09-07,True
BHARTIHEXA,Bharti Hexacom Ltd.,INE343G01021,,Telecommunication,NIFTY 500,https://www.niftyindices.com/IndexConstituent/ind_nifty500list.csv,2026-09-07,True
BIKAJI,Bikaji Foods International Ltd.,INE00E101023,,Fast Moving Consumer Goods,NIFTY 500,https://www.niftyindices.com/IndexConstituent/ind_nifty500list.csv,2026-09-07,True
GROWW,Billionbrains Garage Ventures Ltd.,INE0HOQ01053,,Financial Services,NIFTY 500,https://www.niftyindices.com/IndexConstituent/ind_nifty500list.csv,2026-09-07,True
BIOCON,Biocon Ltd.,INE376G01013,,Healthcare,NIFTY 500,https://www.niftyindices.com/IndexConstituent/ind_nifty500list.csv,2026-09-07,True
BSOFT,Birlasoft Ltd.,INE836A01035,,Information Technology,NIFTY 500,https://www.niftyindices.com/IndexConstituent/ind_nifty500list.csv,2026-09-07,True
BLUEDART,Blue Dart Express Ltd.,INE233B01017,,Services,NIFTY 500,https://www.niftyindices.com/IndexConstituent/ind_nifty500list.csv,2026-09-07,True
BLUEJET,Blue Jet Healthcare Ltd.,INE0KBH01020,,Healthcare,NIFTY 500,https://www.niftyindices.com/IndexConstituent/ind_nifty500list.csv,2026-09-07,True
BLUESTARCO,Blue Star Ltd.,INE472A01039,,Consumer Durables,NIFTY 500,https://www.niftyindices.com/IndexConstituent/ind_nifty500list.csv,2026-09-07,True
BBTC,Bombay Burmah Trading Corporation Ltd.,INE050A01025,,Fast Moving Consumer Goods,NIFTY 500,https://www.niftyindices.com/IndexConstituent/ind_nifty500list.csv,2026-09-07,True
BOSCHLTD,Bosch Ltd.,INE323A01026,,Automobile and Auto Components,NIFTY 500,https://www.niftyindices.com/IndexConstituent/ind_nifty500list.csv,2026-09-07,True
FIRSTCRY,Brainbees Solutions Ltd.,INE02RE01045,,Consumer Services,NIFTY 500,https://www.niftyindices.com/IndexConstituent/ind_nifty500list.csv,2026-09-07,True
BRIGADE,Brigade Enterprises Ltd.,INE791I01019,,Realty,NIFTY 500,https://www.niftyindices.com/IndexConstituent/ind_nifty500list.csv,2026-09-07,True
BRITANNIA,Britannia Industries Ltd.,INE216A01030,,Fast Moving Consumer Goods,NIFTY 500,https://www.niftyindices.com/IndexConstituent/ind_nifty500list.csv,2026-09-07,True
MAPMYINDIA,C.E. Info Systems Ltd.,INE0BV301023,,Information Technology,NIFTY 500,https://www.niftyindices.com/IndexConstituent/ind_nifty500list.csv,2026-09-07,True
CCL,CCL Products (I) Ltd.,INE421D01022,,Fast Moving Consumer Goods,NIFTY 500,https://www.niftyindices.com/IndexConstituent/ind_nifty500list.csv,2026-09-07,True
CESC,CESC Ltd.,INE486A01021,,Power,NIFTY 500,https://www.niftyindices.com/IndexConstituent/ind_nifty500list.csv,2026-09-07,True
CGPOWER,CG Power and Industrial Solutions Ltd.,INE067A01029,,Capital Goods,NIFTY 500,https://www.niftyindices.com/IndexConstituent/ind_nifty500list.csv,2026-09-07,True
CIEINDIA,CIE Automotive India Ltd.,INE536H01010,,Automobile and Auto Components,NIFTY 500,https://www.niftyindices.com/IndexConstituent/ind_nifty500list.csv,2026-09-07,True
CRISIL,CRISIL Ltd.,INE007A01025,,Financial Services,NIFTY 500,https://www.niftyindices.com/IndexConstituent/ind_nifty500list.csv,2026-09-07,True
CANFINHOME,Can Fin Homes Ltd.,INE477A01020,,Financial Services,NIFTY 500,https://www.niftyindices.com/IndexConstituent/ind_nifty500list.csv,2026-09-07,True
CANBK,Canara Bank,INE476A01022,,Financial Services,NIFTY 500,https://www.niftyindices.com/IndexConstituent/ind_nifty500list.csv,2026-09-07,True
CANHLIFE,Canara HSBC Life Insurance Company Ltd.,INE01TY01017,,Financial Services,NIFTY 500,https://www.niftyindices.com/IndexConstituent/ind_nifty500list.csv,2026-09-07,True
CAPLIPOINT,Caplin Point Laboratories Ltd.,INE475E01026,,Healthcare,NIFTY 500,https://www.niftyindices.com/IndexConstituent/ind_nifty500list.csv,2026-09-07,True
CGCL,Capri Global Capital Ltd.,INE180C01042,,Financial Services,NIFTY 500,https://www.niftyindices.com/IndexConstituent/ind_nifty500list.csv,2026-09-07,True
CARBORUNIV,Carborundum Universal Ltd.,INE120A01034,,Capital Goods,NIFTY 500,https://www.niftyindices.com/IndexConstituent/ind_nifty500list.csv,2026-09-07,True
CARTRADE,Cartrade Tech Ltd.,INE290S01011,,Consumer Services,NIFTY 500,https://www.niftyindices.com/IndexConstituent/ind_nifty500list.csv,2026-09-07,True
CASTROLIND,Castrol India Ltd.,INE172A01027,,Oil Gas & Consumable Fuels,NIFTY 500,https://www.niftyindices.com/IndexConstituent/ind_nifty500list.csv,2026-09-07,True
CEATLTD,Ceat Ltd.,INE482A01020,,Automobile and Auto Components,NIFTY 500,https://www.niftyindices.com/IndexConstituent/ind_nifty500list.csv,2026-09-07,True
CEMPRO,Cemindia Projects Ltd.,INE686A01026,,Construction,NIFTY 500,https://www.niftyindices.com/IndexConstituent/ind_nifty500list.csv,2026-09-07,True
CENTRALBK,Central Bank of India,INE483A01010,,Financial Services,NIFTY 500,https://www.niftyindices.com/IndexConstituent/ind_nifty500list.csv,2026-09-07,True
CDSL,Central Depository Services (India) Ltd.,INE736A01011,,Financial Services,NIFTY 500,https://www.niftyindices.com/IndexConstituent/ind_nifty500list.csv,2026-09-07,True
CHALET,Chalet Hotels Ltd.,INE427F01016,,Consumer Services,NIFTY 500,https://www.niftyindices.com/IndexConstituent/ind_nifty500list.csv,2026-09-07,True
CHAMBLFERT,Chambal Fertilizers & Chemicals Ltd.,INE085A01013,,Chemicals,NIFTY 500,https://www.niftyindices.com/IndexConstituent/ind_nifty500list.csv,2026-09-07,True
CHENNPETRO,Chennai Petroleum Corporation Ltd.,INE178A01016,,Oil Gas & Consumable Fuels,NIFTY 500,https://www.niftyindices.com/IndexConstituent/ind_nifty500list.csv,2026-09-07,True
CHOICEIN,Choice International Ltd.,INE102B01014,,Financial Services,NIFTY 500,https://www.niftyindices.com/IndexConstituent/ind_nifty500list.csv,2026-09-07,True
CHOLAHLDNG,Cholamandalam Financial Holdings Ltd.,INE149A01033,,Financial Services,NIFTY 500,https://www.niftyindices.com/IndexConstituent/ind_nifty500list.csv,2026-09-07,True
CHOLAFIN,Cholamandalam Investment and Finance Company Ltd.,INE121A01024,,Financial Services,NIFTY 500,https://www.niftyindices.com/IndexConstituent/ind_nifty500list.csv,2026-09-07,True
CIPLA,Cipla Ltd.,INE059A01026,,Healthcare,NIFTY 500,https://www.niftyindices.com/IndexConstituent/ind_nifty500list.csv,2026-09-07,True
CUB,City Union Bank Ltd.,INE491A01021,,Financial Services,NIFTY 500,https://www.niftyindices.com/IndexConstituent/ind_nifty500list.csv,2026-09-07,True
CLEAN,Clean Science and Technology Ltd.,INE227W01023,,Chemicals,NIFTY 500,https://www.niftyindices.com/IndexConstituent/ind_nifty500list.csv,2026-09-07,True
COALINDIA,Coal India Ltd.,INE522F01014,,Oil Gas & Consumable Fuels,NIFTY 500,https://www.niftyindices.com/IndexConstituent/ind_nifty500list.csv,2026-09-07,True
COCHINSHIP,Cochin Shipyard Ltd.,INE704P01025,,Capital Goods,NIFTY 500,https://www.niftyindices.com/IndexConstituent/ind_nifty500list.csv,2026-09-07,True
COFORGE,Coforge Ltd.,INE591G01025,,Information Technology,NIFTY 500,https://www.niftyindices.com/IndexConstituent/ind_nifty500list.csv,2026-09-07,True
COHANCE,Cohance Lifesciences Ltd.,INE03QK01018,,Healthcare,NIFTY 500,https://www.niftyindices.com/IndexConstituent/ind_nifty500list.csv,2026-09-07,True
COLPAL,Colgate Palmolive (India) Ltd.,INE259A01022,,Fast Moving Consumer Goods,NIFTY 500,https://www.niftyindices.com/IndexConstituent/ind_nifty500list.csv,2026-09-07,True
CAMS,Computer Age Management Services Ltd.,INE596I01020,,Financial Services,NIFTY 500,https://www.niftyindices.com/IndexConstituent/ind_nifty500list.csv,2026-09-07,True
CONCORDBIO,Concord Biotech Ltd.,INE338H01029,,Healthcare,NIFTY 500,https://www.niftyindices.com/IndexConstituent/ind_nifty500list.csv,2026-09-07,True
CONCOR,Container Corporation of India Ltd.,INE111A01025,,Services,NIFTY 500,https://www.niftyindices.com/IndexConstituent/ind_nifty500list.csv,2026-09-07,True
COROMANDEL,Coromandel International Ltd.,INE169A01031,,Chemicals,NIFTY 500,https://www.niftyindices.com/IndexConstituent/ind_nifty500list.csv,2026-09-07,True
CRAFTSMAN,Craftsman Automation Ltd.,INE00LO01017,,Automobile and Auto Components,NIFTY 500,https://www.niftyindices.com/IndexConstituent/ind_nifty500list.csv,2026-09-07,True
CREDITACC,CreditAccess Grameen Ltd.,INE741K01010,,Financial Services,NIFTY 500,https://www.niftyindices.com/IndexConstituent/ind_nifty500list.csv,2026-09-07,True
CROMPTON,Crompton Greaves Consumer Electricals Ltd.,INE299U01018,,Consumer Durables,NIFTY 500,https://www.niftyindices.com/IndexConstituent/ind_nifty500list.csv,2026-09-07,True
CUMMINSIND,Cummins India Ltd.,INE298A01020,,Capital Goods,NIFTY 500,https://www.niftyindices.com/IndexConstituent/ind_nifty500list.csv,2026-09-07,True
CYIENT,Cyient Ltd.,INE136B01020,,Information Technology,NIFTY 500,https://www.niftyindices.com/IndexConstituent/ind_nifty500list.csv,2026-09-07,True
DCMSHRIRAM,DCM Shriram Ltd.,INE499A01024,,Diversified,NIFTY 500,https://www.niftyindices.com/IndexConstituent/ind_nifty500list.csv,2026-09-07,True
DLF,DLF Ltd.,INE271C01023,,Realty,NIFTY 500,https://www.niftyindices.com/IndexConstituent/ind_nifty500list.csv,2026-09-07,True
DOMS,DOMS Industries Ltd.,INE321T01012,,Fast Moving Consumer Goods,NIFTY 500,https://www.niftyindices.com/IndexConstituent/ind_nifty500list.csv,2026-09-07,True
DABUR,Dabur India Ltd.,INE016A01026,,Fast Moving Consumer Goods,NIFTY 500,https://www.niftyindices.com/IndexConstituent/ind_nifty500list.csv,2026-09-07,True
DALBHARAT,Dalmia Bharat Ltd.,INE00R701025,,Construction Materials,NIFTY 500,https://www.niftyindices.com/IndexConstituent/ind_nifty500list.csv,2026-09-07,True
DATAPATTNS,Data Patterns (India) Ltd.,INE0IX101010,,Capital Goods,NIFTY 500,https://www.niftyindices.com/IndexConstituent/ind_nifty500list.csv,2026-09-07,True
DEEPAKFERT,Deepak Fertilisers & Petrochemicals Corp. Ltd.,INE501A01019,,Chemicals,NIFTY 500,https://www.niftyindices.com/IndexConstituent/ind_nifty500list.csv,2026-09-07,True
DEEPAKNTR,Deepak Nitrite Ltd.,INE288B01029,,Chemicals,NIFTY 500,https://www.niftyindices.com/IndexConstituent/ind_nifty500list.csv,2026-09-07,True
DELHIVERY,Delhivery Ltd.,INE148O01028,,Services,NIFTY 500,https://www.niftyindices.com/IndexConstituent/ind_nifty500list.csv,2026-09-07,True
DEVYANI,Devyani International Ltd.,INE872J01023,,Consumer Services,NIFTY 500,https://www.niftyindices.com/IndexConstituent/ind_nifty500list.csv,2026-09-07,True
DIVISLAB,Divi's Laboratories Ltd.,INE361B01024,,Healthcare,NIFTY 500,https://www.niftyindices.com/IndexConstituent/ind_nifty500list.csv,2026-09-07,True
DIXON,Dixon Technologies (India) Ltd.,INE935N01020,,Consumer Durables,NIFTY 500,https://www.niftyindices.com/IndexConstituent/ind_nifty500list.csv,2026-09-07,True
LALPATHLAB,Dr. Lal Path Labs Ltd.,INE600L01024,,Healthcare,NIFTY 500,https://www.niftyindices.com/IndexConstituent/ind_nifty500list.csv,2026-09-07,True
DRREDDY,Dr. Reddy's Laboratories Ltd.,INE089A01031,,Healthcare,NIFTY 500,https://www.niftyindices.com/IndexConstituent/ind_nifty500list.csv,2026-09-07,True
DUMMYHEG,Dummy HEG Ltd.,DUM545A01024,,Metals & Mining,NIFTY 500,https://www.niftyindices.com/IndexConstituent/ind_nifty500list.csv,2026-09-07,True
EIDPARRY,E.I.D. Parry (India) Ltd.,INE126A01031,,Fast Moving Consumer Goods,NIFTY 500,https://www.niftyindices.com/IndexConstituent/ind_nifty500list.csv,2026-09-07,True
EIHOTEL,EIH Ltd.,INE230A01023,,Consumer Services,NIFTY 500,https://www.niftyindices.com/IndexConstituent/ind_nifty500list.csv,2026-09-07,True
EICHERMOT,Eicher Motors Ltd.,INE066A01021,,Automobile and Auto Components,NIFTY 500,https://www.niftyindices.com/IndexConstituent/ind_nifty500list.csv,2026-09-07,True
ELECON,Elecon Engineering Co. Ltd.,INE205B01031,,Capital Goods,NIFTY 500,https://www.niftyindices.com/IndexConstituent/ind_nifty500list.csv,2026-09-07,True
ELGIEQUIP,Elgi Equipments Ltd.,INE285A01027,,Capital Goods,NIFTY 500,https://www.niftyindices.com/IndexConstituent/ind_nifty500list.csv,2026-09-07,True
EMAMILTD,Emami Ltd.,INE548C01032,,Fast Moving Consumer Goods,NIFTY 500,https://www.niftyindices.com/IndexConstituent/ind_nifty500list.csv,2026-09-07,True
EMCURE,Emcure Pharmaceuticals Ltd.,INE168P01015,,Healthcare,NIFTY 500,https://www.niftyindices.com/IndexConstituent/ind_nifty500list.csv,2026-09-07,True
EMMVEE,Emmvee Photovoltaic Power Ltd.,INE1C6T01020,,Capital Goods,NIFTY 500,https://www.niftyindices.com/IndexConstituent/ind_nifty500list.csv,2026-09-07,True
ENDURANCE,Endurance Technologies Ltd.,INE913H01037,,Automobile and Auto Components,NIFTY 500,https://www.niftyindices.com/IndexConstituent/ind_nifty500list.csv,2026-09-07,True
ENGINERSIN,Engineers India Ltd.,INE510A01028,,Construction,NIFTY 500,https://www.niftyindices.com/IndexConstituent/ind_nifty500list.csv,2026-09-07,True
ERIS,Eris Lifesciences Ltd.,INE406M01024,,Healthcare,NIFTY 500,https://www.niftyindices.com/IndexConstituent/ind_nifty500list.csv,2026-09-07,True
ESCORTS,Escorts Kubota Ltd.,INE042A01014,,Capital Goods,NIFTY 500,https://www.niftyindices.com/IndexConstituent/ind_nifty500list.csv,2026-09-07,True
ETERNAL,Eternal Ltd.,INE758T01015,,Consumer Services,NIFTY 500,https://www.niftyindices.com/IndexConstituent/ind_nifty500list.csv,2026-09-07,True
EXIDEIND,Exide Industries Ltd.,INE302A01020,,Automobile and Auto Components,NIFTY 500,https://www.niftyindices.com/IndexConstituent/ind_nifty500list.csv,2026-09-07,True
NYKAA,FSN E-Commerce Ventures Ltd.,INE388Y01029,,Consumer Services,NIFTY 500,https://www.niftyindices.com/IndexConstituent/ind_nifty500list.csv,2026-09-07,True
FEDERALBNK,Federal Bank Ltd.,INE171A01029,,Financial Services,NIFTY 500,https://www.niftyindices.com/IndexConstituent/ind_nifty500list.csv,2026-09-07,True
FACT,Fertilisers and Chemicals Travancore Ltd.,INE188A01015,,Chemicals,NIFTY 500,https://www.niftyindices.com/IndexConstituent/ind_nifty500list.csv,2026-09-07,True
FINCABLES,Finolex Cables Ltd.,INE235A01022,,Capital Goods,NIFTY 500,https://www.niftyindices.com/IndexConstituent/ind_nifty500list.csv,2026-09-07,True
FSL,Firstsource Solutions Ltd.,INE684F01012,,Services,NIFTY 500,https://www.niftyindices.com/IndexConstituent/ind_nifty500list.csv,2026-09-07,True
FIVESTAR,Five-Star Business Finance Ltd.,INE128S01021,,Financial Services,NIFTY 500,https://www.niftyindices.com/IndexConstituent/ind_nifty500list.csv,2026-09-07,True
FORCEMOT,Force Motors Ltd.,INE451A01017,,Automobile and Auto Components,NIFTY 500,https://www.niftyindices.com/IndexConstituent/ind_nifty500list.csv,2026-09-07,True
FORTIS,Fortis Healthcare Ltd.,INE061F01013,,Healthcare,NIFTY 500,https://www.niftyindices.com/IndexConstituent/ind_nifty500list.csv,2026-09-07,True
GAIL,GAIL (India) Ltd.,INE129A01019,,Oil Gas & Consumable Fuels,NIFTY 500,https://www.niftyindices.com/IndexConstituent/ind_nifty500list.csv,2026-09-07,True
GVT&D,GE Vernova T&D India Ltd.,INE200A01026,,Capital Goods,NIFTY 500,https://www.niftyindices.com/IndexConstituent/ind_nifty500list.csv,2026-09-07,True
GMRAIRPORT,GMR Airports Ltd.,INE776C01039,,Services,NIFTY 500,https://www.niftyindices.com/IndexConstituent/ind_nifty500list.csv,2026-09-07,True
GABRIEL,Gabriel India Ltd.,INE524A01029,,Automobile and Auto Components,NIFTY 500,https://www.niftyindices.com/IndexConstituent/ind_nifty500list.csv,2026-09-07,True
GALLANTT,Gallantt Ispat Ltd.,INE297H01019,,Capital Goods,NIFTY 500,https://www.niftyindices.com/IndexConstituent/ind_nifty500list.csv,2026-09-07,True
GRSE,Garden Reach Shipbuilders & Engineers Ltd.,INE382Z01011,,Capital Goods,NIFTY 500,https://www.niftyindices.com/IndexConstituent/ind_nifty500list.csv,2026-09-07,True
GICRE,General Insurance Corporation of India,INE481Y01014,,Financial Services,NIFTY 500,https://www.niftyindices.com/IndexConstituent/ind_nifty500list.csv,2026-09-07,True
GILLETTE,Gillette India Ltd.,INE322A01010,,Fast Moving Consumer Goods,NIFTY 500,https://www.niftyindices.com/IndexConstituent/ind_nifty500list.csv,2026-09-07,True
GLAND,Gland Pharma Ltd.,INE068V01023,,Healthcare,NIFTY 500,https://www.niftyindices.com/IndexConstituent/ind_nifty500list.csv,2026-09-07,True
GLAXO,Glaxosmithkline Pharmaceuticals Ltd.,INE159A01016,,Healthcare,NIFTY 500,https://www.niftyindices.com/IndexConstituent/ind_nifty500list.csv,2026-09-07,True
GLENMARK,Glenmark Pharmaceuticals Ltd.,INE935A01035,,Healthcare,NIFTY 500,https://www.niftyindices.com/IndexConstituent/ind_nifty500list.csv,2026-09-07,True
MEDANTA,Global Health Ltd.,INE474Q01031,,Healthcare,NIFTY 500,https://www.niftyindices.com/IndexConstituent/ind_nifty500list.csv,2026-09-07,True
GODIGIT,Go Digit General Insurance Ltd.,INE03JT01014,,Financial Services,NIFTY 500,https://www.niftyindices.com/IndexConstituent/ind_nifty500list.csv,2026-09-07,True
GPIL,Godawari Power & Ispat Ltd.,INE177H01039,,Capital Goods,NIFTY 500,https://www.niftyindices.com/IndexConstituent/ind_nifty500list.csv,2026-09-07,True
GODFRYPHLP,Godfrey Phillips India Ltd.,INE260B01028,,Fast Moving Consumer Goods,NIFTY 500,https://www.niftyindices.com/IndexConstituent/ind_nifty500list.csv,2026-09-07,True
GODREJCP,Godrej Consumer Products Ltd.,INE102D01028,,Fast Moving Consumer Goods,NIFTY 500,https://www.niftyindices.com/IndexConstituent/ind_nifty500list.csv,2026-09-07,True
GODREJIND,Godrej Industries Ltd.,INE233A01035,,Diversified,NIFTY 500,https://www.niftyindices.com/IndexConstituent/ind_nifty500list.csv,2026-09-07,True
GODREJPROP,Godrej Properties Ltd.,INE484J01027,,Realty,NIFTY 500,https://www.niftyindices.com/IndexConstituent/ind_nifty500list.csv,2026-09-07,True
GRANULES,Granules India Ltd.,INE101D01020,,Healthcare,NIFTY 500,https://www.niftyindices.com/IndexConstituent/ind_nifty500list.csv,2026-09-07,True
GRAPHITE,Graphite India Ltd.,INE371A01025,,Capital Goods,NIFTY 500,https://www.niftyindices.com/IndexConstituent/ind_nifty500list.csv,2026-09-07,True
GRASIM,Grasim Industries Ltd.,INE047A01021,,Construction Materials,NIFTY 500,https://www.niftyindices.com/IndexConstituent/ind_nifty500list.csv,2026-09-07,True
GRAVITA,Gravita India Ltd.,INE024L01027,,Metals & Mining,NIFTY 500,https://www.niftyindices.com/IndexConstituent/ind_nifty500list.csv,2026-09-07,True
GESHIP,Great Eastern Shipping Co. Ltd.,INE017A01032,,Services,NIFTY 500,https://www.niftyindices.com/IndexConstituent/ind_nifty500list.csv,2026-09-07,True
FLUOROCHEM,Gujarat Fluorochemicals Ltd.,INE09N301011,,Chemicals,NIFTY 500,https://www.niftyindices.com/IndexConstituent/ind_nifty500list.csv,2026-09-07,True
GMDCLTD,Gujarat Mineral Development Corporation Ltd.,INE131A01031,,Metals & Mining,NIFTY 500,https://www.niftyindices.com/IndexConstituent/ind_nifty500list.csv,2026-09-07,True
HBLENGINE,HBL Engineering Ltd.,INE292B01021,,Capital Goods,NIFTY 500,https://www.niftyindices.com/IndexConstituent/ind_nifty500list.csv,2026-09-07,True
HCLTECH,HCL Technologies Ltd.,INE860A01027,,Information Technology,NIFTY 500,https://www.niftyindices.com/IndexConstituent/ind_nifty500list.csv,2026-09-07,True
HDBFS,HDB Financial Services Ltd.,INE756I01012,,Financial Services,NIFTY 500,https://www.niftyindices.com/IndexConstituent/ind_nifty500list.csv,2026-09-07,True
HDFCAMC,HDFC Asset Management Company Ltd.,INE127D01025,,Financial Services,NIFTY 500,https://www.niftyindices.com/IndexConstituent/ind_nifty500list.csv,2026-09-07,True
HDFCBANK,HDFC Bank Ltd.,INE040A01034,,Financial Services,NIFTY 500,https://www.niftyindices.com/IndexConstituent/ind_nifty500list.csv,2026-09-07,True
HDFCLIFE,HDFC Life Insurance Company Ltd.,INE795G01014,,Financial Services,NIFTY 500,https://www.niftyindices.com/IndexConstituent/ind_nifty500list.csv,2026-09-07,True
HEG,HEG Ltd.,INE545A01024,,Capital Goods,NIFTY 500,https://www.niftyindices.com/IndexConstituent/ind_nifty500list.csv,2026-09-07,False
HFCL,HFCL Ltd.,INE548A01028,,Telecommunication,NIFTY 500,https://www.niftyindices.com/IndexConstituent/ind_nifty500list.csv,2026-09-07,False
HAVELLS,Havells India Ltd.,INE176B01034,,Consumer Durables,NIFTY 500,https://www.niftyindices.com/IndexConstituent/ind_nifty500list.csv,2026-09-07,True
HEROMOTOCO,Hero MotoCorp Ltd.,INE158A01026,,Automobile and Auto Components,NIFTY 500,https://www.niftyindices.com/IndexConstituent/ind_nifty500list.csv,2026-09-07,True
HEXT,Hexaware Technologies Ltd.,INE093A01041,,Information Technology,NIFTY 500,https://www.niftyindices.com/IndexConstituent/ind_nifty500list.csv,2026-09-07,True
HSCL,Himadri Speciality Chemical Ltd.,INE019C01026,,Chemicals,NIFTY 500,https://www.niftyindices.com/IndexConstituent/ind_nifty500list.csv,2026-09-07,True
HINDALCO,Hindalco Industries Ltd.,INE038A01020,,Metals & Mining,NIFTY 500,https://www.niftyindices.com/IndexConstituent/ind_nifty500list.csv,2026-09-07,True
HAL,Hindustan Aeronautics Ltd.,INE066F01020,,Capital Goods,NIFTY 500,https://www.niftyindices.com/IndexConstituent/ind_nifty500list.csv,2026-09-07,True
HINDCOPPER,Hindustan Copper Ltd.,INE531E01026,,Metals & Mining,NIFTY 500,https://www.niftyindices.com/IndexConstituent/ind_nifty500list.csv,2026-09-07,True
HINDPETRO,Hindustan Petroleum Corporation Ltd.,INE094A01015,,Oil Gas & Consumable Fuels,NIFTY 500,https://www.niftyindices.com/IndexConstituent/ind_nifty500list.csv,2026-09-07,True
HINDUNILVR,Hindustan Unilever Ltd.,INE030A01027,,Fast Moving Consumer Goods,NIFTY 500,https://www.niftyindices.com/IndexConstituent/ind_nifty500list.csv,2026-09-07,True
HINDZINC,Hindustan Zinc Ltd.,INE267A01025,,Metals & Mining,NIFTY 500,https://www.niftyindices.com/IndexConstituent/ind_nifty500list.csv,2026-09-07,True
POWERINDIA,Hitachi Energy India Ltd.,INE07Y701011,,Capital Goods,NIFTY 500,https://www.niftyindices.com/IndexConstituent/ind_nifty500list.csv,2026-09-07,True
HOMEFIRST,Home First Finance Company India Ltd.,INE481N01025,,Financial Services,NIFTY 500,https://www.niftyindices.com/IndexConstituent/ind_nifty500list.csv,2026-09-07,True
HONASA,Honasa Consumer Ltd.,INE0J5401028,,Fast Moving Consumer Goods,NIFTY 500,https://www.niftyindices.com/IndexConstituent/ind_nifty500list.csv,2026-09-07,True
HONAUT,Honeywell Automation India Ltd.,INE671A01010,,Capital Goods,NIFTY 500,https://www.niftyindices.com/IndexConstituent/ind_nifty500list.csv,2026-09-07,True
HUDCO,Housing & Urban Development Corporation Ltd.,INE031A01017,,Financial Services,NIFTY 500,https://www.niftyindices.com/IndexConstituent/ind_nifty500list.csv,2026-09-07,True
HYUNDAI,Hyundai Motor India Ltd.,INE0V6F01027,,Automobile and Auto Components,NIFTY 500,https://www.niftyindices.com/IndexConstituent/ind_nifty500list.csv,2026-09-07,True
ICICIBANK,ICICI Bank Ltd.,INE090A01021,,Financial Services,NIFTY 500,https://www.niftyindices.com/IndexConstituent/ind_nifty500list.csv,2026-09-07,True
ICICIGI,ICICI Lombard General Insurance Company Ltd.,INE765G01017,,Financial Services,NIFTY 500,https://www.niftyindices.com/IndexConstituent/ind_nifty500list.csv,2026-09-07,True
ICICIAMC,ICICI Prudential Asset Management Company Ltd.,INE346A01027,,Financial Services,NIFTY 500,https://www.niftyindices.com/IndexConstituent/ind_nifty500list.csv,2026-09-07,True
ICICIPRULI,ICICI Prudential Life Insurance Company Ltd.,INE726G01019,,Financial Services,NIFTY 500,https://www.niftyindices.com/IndexConstituent/ind_nifty500list.csv,2026-09-07,True
IDBI,IDBI Bank Ltd.,INE008A01015,,Financial Services,NIFTY 500,https://www.niftyindices.com/IndexConstituent/ind_nifty500list.csv,2026-09-07,True
IDFCFIRSTB,IDFC First Bank Ltd.,INE092T01019,,Financial Services,NIFTY 500,https://www.niftyindices.com/IndexConstituent/ind_nifty500list.csv,2026-09-07,True
IFCI,IFCI Ltd.,INE039A01010,,Financial Services,NIFTY 500,https://www.niftyindices.com/IndexConstituent/ind_nifty500list.csv,2026-09-07,True
IIFL,IIFL Finance Ltd.,INE530B01024,,Financial Services,NIFTY 500,https://www.niftyindices.com/IndexConstituent/ind_nifty500list.csv,2026-09-07,True
IRB,IRB Infrastructure Developers Ltd.,INE821I01022,,Construction,NIFTY 500,https://www.niftyindices.com/IndexConstituent/ind_nifty500list.csv,2026-09-07,True
IRCON,IRCON International Ltd.,INE962Y01021,,Construction,NIFTY 500,https://www.niftyindices.com/IndexConstituent/ind_nifty500list.csv,2026-09-07,True
ITCHOTELS,ITC Hotels Ltd.,INE379A01028,,Consumer Services,NIFTY 500,https://www.niftyindices.com/IndexConstituent/ind_nifty500list.csv,2026-09-07,True
ITC,ITC Ltd.,INE154A01025,,Fast Moving Consumer Goods,NIFTY 500,https://www.niftyindices.com/IndexConstituent/ind_nifty500list.csv,2026-09-07,True
ITI,ITI Ltd.,INE248A01017,,Telecommunication,NIFTY 500,https://www.niftyindices.com/IndexConstituent/ind_nifty500list.csv,2026-09-07,True
INDGN,Indegene Ltd.,INE065X01017,,Healthcare,NIFTY 500,https://www.niftyindices.com/IndexConstituent/ind_nifty500list.csv,2026-09-07,True
INDIACEM,India Cements Ltd.,INE383A01012,,Construction Materials,NIFTY 500,https://www.niftyindices.com/IndexConstituent/ind_nifty500list.csv,2026-09-07,True
INDIAMART,Indiamart Intermesh Ltd.,INE933S01016,,Consumer Services,NIFTY 500,https://www.niftyindices.com/IndexConstituent/ind_nifty500list.csv,2026-09-07,True
INDIANB,Indian Bank,INE562A01011,,Financial Services,NIFTY 500,https://www.niftyindices.com/IndexConstituent/ind_nifty500list.csv,2026-09-07,True
IEX,Indian Energy Exchange Ltd.,INE022Q01020,,Financial Services,NIFTY 500,https://www.niftyindices.com/IndexConstituent/ind_nifty500list.csv,2026-09-07,True
INDHOTEL,Indian Hotels Co. Ltd.,INE053A01029,,Consumer Services,NIFTY 500,https://www.niftyindices.com/IndexConstituent/ind_nifty500list.csv,2026-09-07,True
IOC,Indian Oil Corporation Ltd.,INE242A01010,,Oil Gas & Consumable Fuels,NIFTY 500,https://www.niftyindices.com/IndexConstituent/ind_nifty500list.csv,2026-09-07,True
IOB,Indian Overseas Bank,INE565A01014,,Financial Services,NIFTY 500,https://www.niftyindices.com/IndexConstituent/ind_nifty500list.csv,2026-09-07,True
IRCTC,Indian Railway Catering And Tourism Corporation Ltd.,INE335Y01020,,Consumer Services,NIFTY 500,https://www.niftyindices.com/IndexConstituent/ind_nifty500list.csv,2026-09-07,True
IRFC,Indian Railway Finance Corporation Ltd.,INE053F01010,,Financial Services,NIFTY 500,https://www.niftyindices.com/IndexConstituent/ind_nifty500list.csv,2026-09-07,True
IREDA,Indian Renewable Energy Development Agency Ltd.,INE202E01016,,Financial Services,NIFTY 500,https://www.niftyindices.com/IndexConstituent/ind_nifty500list.csv,2026-09-07,True
IGL,Indraprastha Gas Ltd.,INE203G01027,,Oil Gas & Consumable Fuels,NIFTY 500,https://www.niftyindices.com/IndexConstituent/ind_nifty500list.csv,2026-09-07,True
INDUSTOWER,Indus Towers Ltd.,INE121J01017,,Telecommunication,NIFTY 500,https://www.niftyindices.com/IndexConstituent/ind_nifty500list.csv,2026-09-07,True
INDUSINDBK,IndusInd Bank Ltd.,INE095A01012,,Financial Services,NIFTY 500,https://www.niftyindices.com/IndexConstituent/ind_nifty500list.csv,2026-09-07,True
NAUKRI,Info Edge (India) Ltd.,INE663F01032,,Consumer Services,NIFTY 500,https://www.niftyindices.com/IndexConstituent/ind_nifty500list.csv,2026-09-07,True
INFY,Infosys Ltd.,INE009A01021,,Information Technology,NIFTY 500,https://www.niftyindices.com/IndexConstituent/ind_nifty500list.csv,2026-09-07,True
INOXWIND,Inox Wind Ltd.,INE066P01011,,Capital Goods,NIFTY 500,https://www.niftyindices.com/IndexConstituent/ind_nifty500list.csv,2026-09-07,True
INTELLECT,Intellect Design Arena Ltd.,INE306R01017,,Information Technology,NIFTY 500,https://www.niftyindices.com/IndexConstituent/ind_nifty500list.csv,2026-09-07,True
INDIGO,InterGlobe Aviation Ltd.,INE646L01027,,Services,NIFTY 500,https://www.niftyindices.com/IndexConstituent/ind_nifty500list.csv,2026-09-07,True
IGIL,International Gemological Institute Ltd.,INE0Q9301021,,Services,NIFTY 500,https://www.niftyindices.com/IndexConstituent/ind_nifty500list.csv,2026-09-07,True
IKS,Inventurus Knowledge Solutions Ltd.,INE115Q01022,,Information Technology,NIFTY 500,https://www.niftyindices.com/IndexConstituent/ind_nifty500list.csv,2026-09-07,True
IPCALAB,Ipca Laboratories Ltd.,INE571A01038,,Healthcare,NIFTY 500,https://www.niftyindices.com/IndexConstituent/ind_nifty500list.csv,2026-09-07,True
JKCEMENT,J.K. Cement Ltd.,INE823G01014,,Construction Materials,NIFTY 500,https://www.niftyindices.com/IndexConstituent/ind_nifty500list.csv,2026-09-07,True
JBMA,JBM Auto Ltd.,INE927D01051,,Automobile and Auto Components,NIFTY 500,https://www.niftyindices.com/IndexConstituent/ind_nifty500list.csv,2026-09-07,True
JKTYRE,JK Tyre & Industries Ltd.,INE573A01042,,Automobile and Auto Components,NIFTY 500,https://www.niftyindices.com/IndexConstituent/ind_nifty500list.csv,2026-09-07,True
JMFINANCIL,JM Financial Ltd.,INE780C01023,,Financial Services,NIFTY 500,https://www.niftyindices.com/IndexConstituent/ind_nifty500list.csv,2026-09-07,True
JSWCEMENT,JSW Cement Ltd.,INE718I01012,,Construction Materials,NIFTY 500,https://www.niftyindices.com/IndexConstituent/ind_nifty500list.csv,2026-09-07,True
JSWDULUX,JSW Dulux Ltd.,INE133A01011,,Consumer Durables,NIFTY 500,https://www.niftyindices.com/IndexConstituent/ind_nifty500list.csv,2026-09-07,True
JSWENERGY,JSW Energy Ltd.,INE121E01018,,Power,NIFTY 500,https://www.niftyindices.com/IndexConstituent/ind_nifty500list.csv,2026-09-07,True
JSWINFRA,JSW Infrastructure Ltd.,INE880J01026,,Services,NIFTY 500,https://www.niftyindices.com/IndexConstituent/ind_nifty500list.csv,2026-09-07,True
JSWSTEEL,JSW Steel Ltd.,INE019A01038,,Metals & Mining,NIFTY 500,https://www.niftyindices.com/IndexConstituent/ind_nifty500list.csv,2026-09-07,True
JAINREC,Jain Resource Recycling Ltd.,INE0YD401026,,Metals & Mining,NIFTY 500,https://www.niftyindices.com/IndexConstituent/ind_nifty500list.csv,2026-09-07,True
JPPOWER,Jaiprakash Power Ventures Ltd.,INE351F01018,,Power,NIFTY 500,https://www.niftyindices.com/IndexConstituent/ind_nifty500list.csv,2026-09-07,True
J&KBANK,Jammu & Kashmir Bank Ltd.,INE168A01041,,Financial Services,NIFTY 500,https://www.niftyindices.com/IndexConstituent/ind_nifty500list.csv,2026-09-07,True
JINDALSAW,Jindal Saw Ltd.,INE324A01032,,Capital Goods,NIFTY 500,https://www.niftyindices.com/IndexConstituent/ind_nifty500list.csv,2026-09-07,True
JSL,Jindal Stainless Ltd.,INE220G01021,,Metals & Mining,NIFTY 500,https://www.niftyindices.com/IndexConstituent/ind_nifty500list.csv,2026-09-07,True
JINDALSTEL,Jindal Steel Ltd.,INE749A01030,,Metals & Mining,NIFTY 500,https://www.niftyindices.com/IndexConstituent/ind_nifty500list.csv,2026-09-07,True
JIOFIN,Jio Financial Services Ltd.,INE758E01017,,Financial Services,NIFTY 500,https://www.niftyindices.com/IndexConstituent/ind_nifty500list.csv,2026-09-07,True
JUBLFOOD,Jubilant Foodworks Ltd.,INE797F01020,,Consumer Services,NIFTY 500,https://www.niftyindices.com/IndexConstituent/ind_nifty500list.csv,2026-09-07,True
JUBLINGREA,Jubilant Ingrevia Ltd.,INE0BY001018,,Chemicals,NIFTY 500,https://www.niftyindices.com/IndexConstituent/ind_nifty500list.csv,2026-09-07,True
JUBLPHARMA,Jubilant Pharmova Ltd.,INE700A01033,,Healthcare,NIFTY 500,https://www.niftyindices.com/IndexConstituent/ind_nifty500list.csv,2026-09-07,True
JWL,Jupiter Wagons Ltd.,INE209L01016,,Capital Goods,NIFTY 500,https://www.niftyindices.com/IndexConstituent/ind_nifty500list.csv,2026-09-07,True
JYOTICNC,Jyoti CNC Automation Ltd.,INE980O01024,,Capital Goods,NIFTY 500,https://www.niftyindices.com/IndexConstituent/ind_nifty500list.csv,2026-09-07,True
KPRMILL,K.P.R. Mill Ltd.,INE930H01031,,Textiles,NIFTY 500,https://www.niftyindices.com/IndexConstituent/ind_nifty500list.csv,2026-09-07,True
KEI,KEI Industries Ltd.,INE878B01027,,Capital Goods,NIFTY 500,https://www.niftyindices.com/IndexConstituent/ind_nifty500list.csv,2026-09-07,True
KPITTECH,KPIT Technologies Ltd.,INE04I401011,,Information Technology,NIFTY 500,https://www.niftyindices.com/IndexConstituent/ind_nifty500list.csv,2026-09-07,True
KAJARIACER,Kajaria Ceramics Ltd.,INE217B01036,,Consumer Durables,NIFTY 500,https://www.niftyindices.com/IndexConstituent/ind_nifty500list.csv,2026-09-07,True
KPIL,Kalpataru Projects International Ltd.,INE220B01022,,Construction,NIFTY 500,https://www.niftyindices.com/IndexConstituent/ind_nifty500list.csv,2026-09-07,True
KALYANKJIL,Kalyan Jewellers India Ltd.,INE303R01014,,Consumer Durables,NIFTY 500,https://www.niftyindices.com/IndexConstituent/ind_nifty500list.csv,2026-09-07,True
KARURVYSYA,Karur Vysya Bank Ltd.,INE036D01028,,Financial Services,NIFTY 500,https://www.niftyindices.com/IndexConstituent/ind_nifty500list.csv,2026-09-07,True
KAYNES,Kaynes Technology India Ltd.,INE918Z01012,,Capital Goods,NIFTY 500,https://www.niftyindices.com/IndexConstituent/ind_nifty500list.csv,2026-09-07,True
KEC,Kec International Ltd.,INE389H01022,,Construction,NIFTY 500,https://www.niftyindices.com/IndexConstituent/ind_nifty500list.csv,2026-09-07,True
KFINTECH,Kfin Technologies Ltd.,INE138Y01010,,Financial Services,NIFTY 500,https://www.niftyindices.com/IndexConstituent/ind_nifty500list.csv,2026-09-07,True
KIRLOSENG,Kirloskar Oil Eng Ltd.,INE146L01010,,Capital Goods,NIFTY 500,https://www.niftyindices.com/IndexConstituent/ind_nifty500list.csv,2026-09-07,True
KOTAKBANK,Kotak Mahindra Bank Ltd.,INE237A01036,,Financial Services,NIFTY 500,https://www.niftyindices.com/IndexConstituent/ind_nifty500list.csv,2026-09-07,True
KIMS,Krishna Institute of Medical Sciences Ltd.,INE967H01025,,Healthcare,NIFTY 500,https://www.niftyindices.com/IndexConstituent/ind_nifty500list.csv,2026-09-07,True
LTF,L&T Finance Ltd.,INE498L01015,,Financial Services,NIFTY 500,https://www.niftyindices.com/IndexConstituent/ind_nifty500list.csv,2026-09-07,True
LTTS,L&T Technology Services Ltd.,INE010V01017,,Information Technology,NIFTY 500,https://www.niftyindices.com/IndexConstituent/ind_nifty500list.csv,2026-09-07,True
LGEINDIA,LG Electronics India Ltd.,INE324D01010,,Consumer Durables,NIFTY 500,https://www.niftyindices.com/IndexConstituent/ind_nifty500list.csv,2026-09-07,True
LICHSGFIN,LIC Housing Finance Ltd.,INE115A01026,,Financial Services,NIFTY 500,https://www.niftyindices.com/IndexConstituent/ind_nifty500list.csv,2026-09-07,True
LTFOODS,LT Foods Ltd.,INE818H01020,,Fast Moving Consumer Goods,NIFTY 500,https://www.niftyindices.com/IndexConstituent/ind_nifty500list.csv,2026-09-07,True
LTM,LTM Ltd.,INE214T01019,,Information Technology,NIFTY 500,https://www.niftyindices.com/IndexConstituent/ind_nifty500list.csv,2026-09-07,True
LT,Larsen & Toubro Ltd.,INE018A01030,,Construction,NIFTY 500,https://www.niftyindices.com/IndexConstituent/ind_nifty500list.csv,2026-09-07,True
LATENTVIEW,Latent View Analytics Ltd.,INE0I7C01011,,Information Technology,NIFTY 500,https://www.niftyindices.com/IndexConstituent/ind_nifty500list.csv,2026-09-07,True
LAURUSLABS,Laurus Labs Ltd.,INE947Q01028,,Healthcare,NIFTY 500,https://www.niftyindices.com/IndexConstituent/ind_nifty500list.csv,2026-09-07,True
THELEELA,Leela Palaces Hotels & Resorts Ltd.,INE0AQ201015,,Consumer Services,NIFTY 500,https://www.niftyindices.com/IndexConstituent/ind_nifty500list.csv,2026-09-07,True
LEMONTREE,Lemon Tree Hotels Ltd.,INE970X01018,,Consumer Services,NIFTY 500,https://www.niftyindices.com/IndexConstituent/ind_nifty500list.csv,2026-09-07,True
LENSKART,Lenskart Solutions Ltd.,INE956O01016,,Consumer Services,NIFTY 500,https://www.niftyindices.com/IndexConstituent/ind_nifty500list.csv,2026-09-07,True
LICI,Life Insurance Corporation of India,INE0J1Y01017,,Financial Services,NIFTY 500,https://www.niftyindices.com/IndexConstituent/ind_nifty500list.csv,2026-09-07,True
LINDEINDIA,Linde India Ltd.,INE473A01011,,Chemicals,NIFTY 500,https://www.niftyindices.com/IndexConstituent/ind_nifty500list.csv,2026-09-07,True
LLOYDSME,Lloyds Metals And Energy Ltd.,INE281B01032,,Metals & Mining,NIFTY 500,https://www.niftyindices.com/IndexConstituent/ind_nifty500list.csv,2026-09-07,True
LODHA,Lodha Developers Ltd.,INE670K01029,,Realty,NIFTY 500,https://www.niftyindices.com/IndexConstituent/ind_nifty500list.csv,2026-09-07,True
LUPIN,Lupin Ltd.,INE326A01037,,Healthcare,NIFTY 500,https://www.niftyindices.com/IndexConstituent/ind_nifty500list.csv,2026-09-07,True
MMTC,MMTC Ltd.,INE123F01029,,Services,NIFTY 500,https://www.niftyindices.com/IndexConstituent/ind_nifty500list.csv,2026-09-07,True
MRF,MRF Ltd.,INE883A01011,,Automobile and Auto Components,NIFTY 500,https://www.niftyindices.com/IndexConstituent/ind_nifty500list.csv,2026-09-07,True
MGL,Mahanagar Gas Ltd.,INE002S01010,,Oil Gas & Consumable Fuels,NIFTY 500,https://www.niftyindices.com/IndexConstituent/ind_nifty500list.csv,2026-09-07,True
M&MFIN,Mahindra & Mahindra Financial Services Ltd.,INE774D01024,,Financial Services,NIFTY 500,https://www.niftyindices.com/IndexConstituent/ind_nifty500list.csv,2026-09-07,True
M&M,Mahindra & Mahindra Ltd.,INE101A01026,,Automobile and Auto Components,NIFTY 500,https://www.niftyindices.com/IndexConstituent/ind_nifty500list.csv,2026-09-07,True
MANAPPURAM,Manappuram Finance Ltd.,INE522D01027,,Financial Services,NIFTY 500,https://www.niftyindices.com/IndexConstituent/ind_nifty500list.csv,2026-09-07,True
MRPL,Mangalore Refinery & Petrochemicals Ltd.,INE103A01014,,Oil Gas & Consumable Fuels,NIFTY 500,https://www.niftyindices.com/IndexConstituent/ind_nifty500list.csv,2026-09-07,True
MANKIND,Mankind Pharma Ltd.,INE634S01028,,Healthcare,NIFTY 500,https://www.niftyindices.com/IndexConstituent/ind_nifty500list.csv,2026-09-07,True
MARICO,Marico Ltd.,INE196A01026,,Fast Moving Consumer Goods,NIFTY 500,https://www.niftyindices.com/IndexConstituent/ind_nifty500list.csv,2026-09-07,True
MARUTI,Maruti Suzuki India Ltd.,INE585B01010,,Automobile and Auto Components,NIFTY 500,https://www.niftyindices.com/IndexConstituent/ind_nifty500list.csv,2026-09-07,True
MFSL,Max Financial Services Ltd.,INE180A01020,,Financial Services,NIFTY 500,https://www.niftyindices.com/IndexConstituent/ind_nifty500list.csv,2026-09-07,True
MAXHEALTH,Max Healthcare Institute Ltd.,INE027H01010,,Healthcare,NIFTY 500,https://www.niftyindices.com/IndexConstituent/ind_nifty500list.csv,2026-09-07,True
MAZDOCK,Mazagoan Dock Shipbuilders Ltd.,INE249Z01020,,Capital Goods,NIFTY 500,https://www.niftyindices.com/IndexConstituent/ind_nifty500list.csv,2026-09-07,True
MEESHO,Meesho Ltd.,INE0VDM01015,,Consumer Services,NIFTY 500,https://www.niftyindices.com/IndexConstituent/ind_nifty500list.csv,2026-09-07,True
MINDACORP,Minda Corporation Ltd.,INE842C01021,,Automobile and Auto Components,NIFTY 500,https://www.niftyindices.com/IndexConstituent/ind_nifty500list.csv,2026-09-07,True
MSUMI,Motherson Sumi Wiring India Ltd.,INE0FS801015,,Automobile and Auto Components,NIFTY 500,https://www.niftyindices.com/IndexConstituent/ind_nifty500list.csv,2026-09-07,True
MOTILALOFS,Motilal Oswal Financial Services Ltd.,INE338I01027,,Financial Services,NIFTY 500,https://www.niftyindices.com/IndexConstituent/ind_nifty500list.csv,2026-09-07,True
MPHASIS,MphasiS Ltd.,INE356A01018,,Information Technology,NIFTY 500,https://www.niftyindices.com/IndexConstituent/ind_nifty500list.csv,2026-09-07,True
MCX,Multi Commodity Exchange of India Ltd.,INE745G01043,,Financial Services,NIFTY 500,https://www.niftyindices.com/IndexConstituent/ind_nifty500list.csv,2026-09-07,True
MUTHOOTFIN,Muthoot Finance Ltd.,INE414G01012,,Financial Services,NIFTY 500,https://www.niftyindices.com/IndexConstituent/ind_nifty500list.csv,2026-09-07,True
NATCOPHARM,NATCO Pharma Ltd.,INE987B01026,,Healthcare,NIFTY 500,https://www.niftyindices.com/IndexConstituent/ind_nifty500list.csv,2026-09-07,True
NBCC,NBCC (India) Ltd.,INE095N01031,,Construction,NIFTY 500,https://www.niftyindices.com/IndexConstituent/ind_nifty500list.csv,2026-09-07,True
NCC,NCC Ltd.,INE868B01028,,Construction,NIFTY 500,https://www.niftyindices.com/IndexConstituent/ind_nifty500list.csv,2026-09-07,True
NHPC,NHPC Ltd.,INE848E01016,,Power,NIFTY 500,https://www.niftyindices.com/IndexConstituent/ind_nifty500list.csv,2026-09-07,True
NLCINDIA,NLC India Ltd.,INE589A01014,,Power,NIFTY 500,https://www.niftyindices.com/IndexConstituent/ind_nifty500list.csv,2026-09-07,True
NMDC,NMDC Ltd.,INE584A01023,,Metals & Mining,NIFTY 500,https://www.niftyindices.com/IndexConstituent/ind_nifty500list.csv,2026-09-07,True
NSLNISP,NMDC Steel Ltd.,INE0NNS01018,,Metals & Mining,NIFTY 500,https://www.niftyindices.com/IndexConstituent/ind_nifty500list.csv,2026-09-07,True
NTPCGREEN,NTPC Green Energy Ltd.,INE0ONG01011,,Power,NIFTY 500,https://www.niftyindices.com/IndexConstituent/ind_nifty500list.csv,2026-09-07,True
NTPC,NTPC Ltd.,INE733E01010,,Power,NIFTY 500,https://www.niftyindices.com/IndexConstituent/ind_nifty500list.csv,2026-09-07,True
NH,Narayana Hrudayalaya Ltd.,INE410P01011,,Healthcare,NIFTY 500,https://www.niftyindices.com/IndexConstituent/ind_nifty500list.csv,2026-09-07,True
NATIONALUM,National Aluminium Co. Ltd.,INE139A01034,,Metals & Mining,NIFTY 500,https://www.niftyindices.com/IndexConstituent/ind_nifty500list.csv,2026-09-07,True
NAVA,Nava Ltd.,INE725A01030,,Power,NIFTY 500,https://www.niftyindices.com/IndexConstituent/ind_nifty500list.csv,2026-09-07,True
NAVINFLUOR,Navin Fluorine International Ltd.,INE048G01026,,Chemicals,NIFTY 500,https://www.niftyindices.com/IndexConstituent/ind_nifty500list.csv,2026-09-07,True
NESTLEIND,Nestle India Ltd.,INE239A01024,,Fast Moving Consumer Goods,NIFTY 500,https://www.niftyindices.com/IndexConstituent/ind_nifty500list.csv,2026-09-07,True
NETWEB,Netweb Technologies India Ltd.,INE0NT901020,,Information Technology,NIFTY 500,https://www.niftyindices.com/IndexConstituent/ind_nifty500list.csv,2026-09-07,True
NEULANDLAB,Neuland Laboratories Ltd.,INE794A01010,,Healthcare,NIFTY 500,https://www.niftyindices.com/IndexConstituent/ind_nifty500list.csv,2026-09-07,True
NEWGEN,Newgen Software Technologies Ltd.,INE619B01017,,Information Technology,NIFTY 500,https://www.niftyindices.com/IndexConstituent/ind_nifty500list.csv,2026-09-07,True
NAM-INDIA,Nippon Life India Asset Management Ltd.,INE298J01013,,Financial Services,NIFTY 500,https://www.niftyindices.com/IndexConstituent/ind_nifty500list.csv,2026-09-07,True
NIVABUPA,Niva Bupa Health Insurance Company Ltd.,INE995S01015,,Financial Services,NIFTY 500,https://www.niftyindices.com/IndexConstituent/ind_nifty500list.csv,2026-09-07,True
NUVAMA,Nuvama Wealth Management Ltd.,INE531F01023,,Financial Services,NIFTY 500,https://www.niftyindices.com/IndexConstituent/ind_nifty500list.csv,2026-09-07,True
NUVOCO,Nuvoco Vistas Corporation Ltd.,INE118D01016,,Construction Materials,NIFTY 500,https://www.niftyindices.com/IndexConstituent/ind_nifty500list.csv,2026-09-07,True
OBEROIRLTY,Oberoi Realty Ltd.,INE093I01010,,Realty,NIFTY 500,https://www.niftyindices.com/IndexConstituent/ind_nifty500list.csv,2026-09-07,True
ONGC,Oil & Natural Gas Corporation Ltd.,INE213A01029,,Oil Gas & Consumable Fuels,NIFTY 500,https://www.niftyindices.com/IndexConstituent/ind_nifty500list.csv,2026-09-07,True
OIL,Oil India Ltd.,INE274J01014,,Oil Gas & Consumable Fuels,NIFTY 500,https://www.niftyindices.com/IndexConstituent/ind_nifty500list.csv,2026-09-07,True
OLAELEC,Ola Electric Mobility Ltd.,INE0LXG01040,,Automobile and Auto Components,NIFTY 500,https://www.niftyindices.com/IndexConstituent/ind_nifty500list.csv,2026-09-07,True
OLECTRA,Olectra Greentech Ltd.,INE260D01016,,Automobile and Auto Components,NIFTY 500,https://www.niftyindices.com/IndexConstituent/ind_nifty500list.csv,2026-09-07,True
PAYTM,One 97 Communications Ltd.,INE982J01020,,Financial Services,NIFTY 500,https://www.niftyindices.com/IndexConstituent/ind_nifty500list.csv,2026-09-07,True
ONESOURCE,Onesource Specialty Pharma Ltd.,INE013P01021,,Healthcare,NIFTY 500,https://www.niftyindices.com/IndexConstituent/ind_nifty500list.csv,2026-09-07,True
OFSS,Oracle Financial Services Software Ltd.,INE881D01027,,Information Technology,NIFTY 500,https://www.niftyindices.com/IndexConstituent/ind_nifty500list.csv,2026-09-07,True
POLICYBZR,PB Fintech Ltd.,INE417T01026,,Financial Services,NIFTY 500,https://www.niftyindices.com/IndexConstituent/ind_nifty500list.csv,2026-09-07,True
PCBL,PCBL Chemical Ltd.,INE602A01031,,Chemicals,NIFTY 500,https://www.niftyindices.com/IndexConstituent/ind_nifty500list.csv,2026-09-07,True
PGEL,PG Electroplast Ltd.,INE457L01029,,Consumer Durables,NIFTY 500,https://www.niftyindices.com/IndexConstituent/ind_nifty500list.csv,2026-09-07,True
PIIND,PI Industries Ltd.,INE603J01030,,Chemicals,NIFTY 500,https://www.niftyindices.com/IndexConstituent/ind_nifty500list.csv,2026-09-07,True
PNBHOUSING,PNB Housing Finance Ltd.,INE572E01012,,Financial Services,NIFTY 500,https://www.niftyindices.com/IndexConstituent/ind_nifty500list.csv,2026-09-07,True
PTCIL,PTC Industries Ltd.,INE596F01018,,Capital Goods,NIFTY 500,https://www.niftyindices.com/IndexConstituent/ind_nifty500list.csv,2026-09-07,True
PVRINOX,PVR INOX Ltd.,INE191H01014,,Media Entertainment & Publication,NIFTY 500,https://www.niftyindices.com/IndexConstituent/ind_nifty500list.csv,2026-09-07,True
PAGEIND,Page Industries Ltd.,INE761H01022,,Textiles,NIFTY 500,https://www.niftyindices.com/IndexConstituent/ind_nifty500list.csv,2026-09-07,True
PARADEEP,Paradeep Phosphates Ltd.,INE088F01024,,Chemicals,NIFTY 500,https://www.niftyindices.com/IndexConstituent/ind_nifty500list.csv,2026-09-07,True
PATANJALI,Patanjali Foods Ltd.,INE619A01035,,Fast Moving Consumer Goods,NIFTY 500,https://www.niftyindices.com/IndexConstituent/ind_nifty500list.csv,2026-09-07,True
PERSISTENT,Persistent Systems Ltd.,INE262H01021,,Information Technology,NIFTY 500,https://www.niftyindices.com/IndexConstituent/ind_nifty500list.csv,2026-09-07,True
PETRONET,Petronet LNG Ltd.,INE347G01014,,Oil Gas & Consumable Fuels,NIFTY 500,https://www.niftyindices.com/IndexConstituent/ind_nifty500list.csv,2026-09-07,True
PFIZER,Pfizer Ltd.,INE182A01018,,Healthcare,NIFTY 500,https://www.niftyindices.com/IndexConstituent/ind_nifty500list.csv,2026-09-07,True
PHOENIXLTD,Phoenix Mills Ltd.,INE211B01039,,Realty,NIFTY 500,https://www.niftyindices.com/IndexConstituent/ind_nifty500list.csv,2026-09-07,True
PWL,Physicswallah Ltd.,INE0LP301011,,Consumer Services,NIFTY 500,https://www.niftyindices.com/IndexConstituent/ind_nifty500list.csv,2026-09-07,True
PIDILITIND,Pidilite Industries Ltd.,INE318A01026,,Chemicals,NIFTY 500,https://www.niftyindices.com/IndexConstituent/ind_nifty500list.csv,2026-09-07,True
PINELABS,Pine Labs Ltd.,INE15B701018,,Financial Services,NIFTY 500,https://www.niftyindices.com/IndexConstituent/ind_nifty500list.csv,2026-09-07,True
PIRAMALFIN,Piramal Finance Ltd.,INE202B01038,,Financial Services,NIFTY 500,https://www.niftyindices.com/IndexConstituent/ind_nifty500list.csv,2026-09-07,True
PPLPHARMA,Piramal Pharma Ltd.,INE0DK501011,,Healthcare,NIFTY 500,https://www.niftyindices.com/IndexConstituent/ind_nifty500list.csv,2026-09-07,True
POLYMED,Poly Medicure Ltd.,INE205C01021,,Healthcare,NIFTY 500,https://www.niftyindices.com/IndexConstituent/ind_nifty500list.csv,2026-09-07,True
POLYCAB,Polycab India Ltd.,INE455K01017,,Capital Goods,NIFTY 500,https://www.niftyindices.com/IndexConstituent/ind_nifty500list.csv,2026-09-07,True
POONAWALLA,Poonawalla Fincorp Ltd.,INE511C01022,,Financial Services,NIFTY 500,https://www.niftyindices.com/IndexConstituent/ind_nifty500list.csv,2026-09-07,True
PFC,Power Finance Corporation Ltd.,INE134E01011,,Financial Services,NIFTY 500,https://www.niftyindices.com/IndexConstituent/ind_nifty500list.csv,2026-09-07,True
POWERGRID,Power Grid Corporation of India Ltd.,INE752E01010,,Power,NIFTY 500,https://www.niftyindices.com/IndexConstituent/ind_nifty500list.csv,2026-09-07,True
PREMIERENE,Premier Energies Ltd.,INE0BS701011,,Capital Goods,NIFTY 500,https://www.niftyindices.com/IndexConstituent/ind_nifty500list.csv,2026-09-07,True
PRESTIGE,Prestige Estates Projects Ltd.,INE811K01011,,Realty,NIFTY 500,https://www.niftyindices.com/IndexConstituent/ind_nifty500list.csv,2026-09-07,True
PFOCUS,Prime Focus Ltd.,INE367G01038,,Media Entertainment & Publication,NIFTY 500,https://www.niftyindices.com/IndexConstituent/ind_nifty500list.csv,2026-09-07,True
PNB,Punjab National Bank,INE160A01022,,Financial Services,NIFTY 500,https://www.niftyindices.com/IndexConstituent/ind_nifty500list.csv,2026-09-07,True
RRKABEL,R R Kabel Ltd.,INE777K01022,,Capital Goods,NIFTY 500,https://www.niftyindices.com/IndexConstituent/ind_nifty500list.csv,2026-09-07,True
RBLBANK,RBL Bank Ltd.,INE976G01028,,Financial Services,NIFTY 500,https://www.niftyindices.com/IndexConstituent/ind_nifty500list.csv,2026-09-07,True
RECLTD,REC Ltd.,INE020B01018,,Financial Services,NIFTY 500,https://www.niftyindices.com/IndexConstituent/ind_nifty500list.csv,2026-09-07,True
RHIM,RHI MAGNESITA INDIA LTD.,INE743M01012,,Capital Goods,NIFTY 500,https://www.niftyindices.com/IndexConstituent/ind_nifty500list.csv,2026-09-07,True
RITES,RITES Ltd.,INE320J01015,,Construction,NIFTY 500,https://www.niftyindices.com/IndexConstituent/ind_nifty500list.csv,2026-09-07,True
RADICO,Radico Khaitan Ltd,INE944F01028,,Fast Moving Consumer Goods,NIFTY 500,https://www.niftyindices.com/IndexConstituent/ind_nifty500list.csv,2026-09-07,True
RVNL,Rail Vikas Nigam Ltd.,INE415G01027,,Construction,NIFTY 500,https://www.niftyindices.com/IndexConstituent/ind_nifty500list.csv,2026-09-07,True
RAILTEL,Railtel Corporation Of India Ltd.,INE0DD101019,,Telecommunication,NIFTY 500,https://www.niftyindices.com/IndexConstituent/ind_nifty500list.csv,2026-09-07,True
RAINBOW,Rainbow Childrens Medicare Ltd.,INE961O01016,,Healthcare,NIFTY 500,https://www.niftyindices.com/IndexConstituent/ind_nifty500list.csv,2026-09-07,True
RKFORGE,Ramkrishna Forgings Ltd.,INE399G01023,,Automobile and Auto Components,NIFTY 500,https://www.niftyindices.com/IndexConstituent/ind_nifty500list.csv,2026-09-07,True
REDINGTON,Redington Ltd.,INE891D01026,,Services,NIFTY 500,https://www.niftyindices.com/IndexConstituent/ind_nifty500list.csv,2026-09-07,True
RELIANCE,Reliance Industries Ltd.,INE002A01018,,Oil Gas & Consumable Fuels,NIFTY 500,https://www.niftyindices.com/IndexConstituent/ind_nifty500list.csv,2026-09-07,True
RPOWER,Reliance Power Ltd.,INE614G01033,,Power,NIFTY 500,https://www.niftyindices.com/IndexConstituent/ind_nifty500list.csv,2026-09-07,True
SBFC,SBFC Finance Ltd.,INE423Y01016,,Financial Services,NIFTY 500,https://www.niftyindices.com/IndexConstituent/ind_nifty500list.csv,2026-09-07,True
SBICARD,SBI Cards and Payment Services Ltd.,INE018E01016,,Financial Services,NIFTY 500,https://www.niftyindices.com/IndexConstituent/ind_nifty500list.csv,2026-09-07,True
SBILIFE,SBI Life Insurance Company Ltd.,INE123W01016,,Financial Services,NIFTY 500,https://www.niftyindices.com/IndexConstituent/ind_nifty500list.csv,2026-09-07,True
SJVN,SJVN Ltd.,INE002L01015,,Power,NIFTY 500,https://www.niftyindices.com/IndexConstituent/ind_nifty500list.csv,2026-09-07,True
SRF,SRF Ltd.,INE647A01010,,Chemicals,NIFTY 500,https://www.niftyindices.com/IndexConstituent/ind_nifty500list.csv,2026-09-07,True
SAGILITY,Sagility Ltd.,INE0W2G01015,,Information Technology,NIFTY 500,https://www.niftyindices.com/IndexConstituent/ind_nifty500list.csv,2026-09-07,True
SAILIFE,Sai Life Sciences Ltd.,INE570L01029,,Healthcare,NIFTY 500,https://www.niftyindices.com/IndexConstituent/ind_nifty500list.csv,2026-09-07,True
SAMMAANCAP,Sammaan Capital Ltd.,INE148I01020,,Financial Services,NIFTY 500,https://www.niftyindices.com/IndexConstituent/ind_nifty500list.csv,2026-09-07,True
MOTHERSON,Samvardhana Motherson International Ltd.,INE775A01035,,Automobile and Auto Components,NIFTY 500,https://www.niftyindices.com/IndexConstituent/ind_nifty500list.csv,2026-09-07,True
SAPPHIRE,Sapphire Foods India Ltd.,INE806T01020,,Consumer Services,NIFTY 500,https://www.niftyindices.com/IndexConstituent/ind_nifty500list.csv,2026-09-07,True
SARDAEN,Sarda Energy and Minerals Ltd.,INE385C01021,,Metals & Mining,NIFTY 500,https://www.niftyindices.com/IndexConstituent/ind_nifty500list.csv,2026-09-07,True
SAREGAMA,Saregama India Ltd,INE979A01025,,Media Entertainment & Publication,NIFTY 500,https://www.niftyindices.com/IndexConstituent/ind_nifty500list.csv,2026-09-07,True
SCHAEFFLER,Schaeffler India Ltd.,INE513A01022,,Automobile and Auto Components,NIFTY 500,https://www.niftyindices.com/IndexConstituent/ind_nifty500list.csv,2026-09-07,True
SCHNEIDER,Schneider Electric Infrastructure Ltd.,INE839M01018,,Capital Goods,NIFTY 500,https://www.niftyindices.com/IndexConstituent/ind_nifty500list.csv,2026-09-07,True
SCI,Shipping Corporation of India Ltd.,INE109A01011,,Services,NIFTY 500,https://www.niftyindices.com/IndexConstituent/ind_nifty500list.csv,2026-09-07,True
SHREECEM,Shree Cement Ltd.,INE070A01015,,Construction Materials,NIFTY 500,https://www.niftyindices.com/IndexConstituent/ind_nifty500list.csv,2026-09-07,True
SHRIRAMFIN,Shriram Finance Ltd.,INE721A01047,,Financial Services,NIFTY 500,https://www.niftyindices.com/IndexConstituent/ind_nifty500list.csv,2026-09-07,True
SHYAMMETL,Shyam Metalics and Energy Ltd.,INE810G01011,,Capital Goods,NIFTY 500,https://www.niftyindices.com/IndexConstituent/ind_nifty500list.csv,2026-09-07,True
ENRIN,Siemens Energy India Ltd.,INE1NPP01017,,Capital Goods,NIFTY 500,https://www.niftyindices.com/IndexConstituent/ind_nifty500list.csv,2026-09-07,True
SIEMENS,Siemens Ltd.,INE003A01024,,Capital Goods,NIFTY 500,https://www.niftyindices.com/IndexConstituent/ind_nifty500list.csv,2026-09-07,True
SIGNATURE,Signatureglobal (India) Ltd.,INE903U01023,,Realty,NIFTY 500,https://www.niftyindices.com/IndexConstituent/ind_nifty500list.csv,2026-09-07,True
SOBHA,Sobha Ltd.,INE671H01015,,Realty,NIFTY 500,https://www.niftyindices.com/IndexConstituent/ind_nifty500list.csv,2026-09-07,True
SOLARINDS,Solar Industries India Ltd.,INE343H01029,,Chemicals,NIFTY 500,https://www.niftyindices.com/IndexConstituent/ind_nifty500list.csv,2026-09-07,True
SONACOMS,Sona BLW Precision Forgings Ltd.,INE073K01018,,Automobile and Auto Components,NIFTY 500,https://www.niftyindices.com/IndexConstituent/ind_nifty500list.csv,2026-09-07,True
SONATSOFTW,Sonata Software Ltd.,INE269A01021,,Information Technology,NIFTY 500,https://www.niftyindices.com/IndexConstituent/ind_nifty500list.csv,2026-09-07,True
STARHEALTH,Star Health and Allied Insurance Company Ltd.,INE575P01011,,Financial Services,NIFTY 500,https://www.niftyindices.com/IndexConstituent/ind_nifty500list.csv,2026-09-07,True
SBIN,State Bank of India,INE062A01020,,Financial Services,NIFTY 500,https://www.niftyindices.com/IndexConstituent/ind_nifty500list.csv,2026-09-07,True
SAIL,Steel Authority of India Ltd.,INE114A01011,,Metals & Mining,NIFTY 500,https://www.niftyindices.com/IndexConstituent/ind_nifty500list.csv,2026-09-07,True
SUMICHEM,Sumitomo Chemical India Ltd.,INE258G01013,,Chemicals,NIFTY 500,https://www.niftyindices.com/IndexConstituent/ind_nifty500list.csv,2026-09-07,True
SUNPHARMA,Sun Pharmaceutical Industries Ltd.,INE044A01036,,Healthcare,NIFTY 500,https://www.niftyindices.com/IndexConstituent/ind_nifty500list.csv,2026-09-07,True
SUNTV,Sun TV Network Ltd.,INE424H01027,,Media Entertainment & Publication,NIFTY 500,https://www.niftyindices.com/IndexConstituent/ind_nifty500list.csv,2026-09-07,True
SUNDARMFIN,Sundaram Finance Ltd.,INE660A01013,,Financial Services,NIFTY 500,https://www.niftyindices.com/IndexConstituent/ind_nifty500list.csv,2026-09-07,True
SUPREMEIND,Supreme Industries Ltd.,INE195A01028,,Capital Goods,NIFTY 500,https://www.niftyindices.com/IndexConstituent/ind_nifty500list.csv,2026-09-07,True
SPLPETRO,Supreme Petrochem Ltd.,INE663A01033,,Chemicals,NIFTY 500,https://www.niftyindices.com/IndexConstituent/ind_nifty500list.csv,2026-09-07,True
SUZLON,Suzlon Energy Ltd.,INE040H01021,,Capital Goods,NIFTY 500,https://www.niftyindices.com/IndexConstituent/ind_nifty500list.csv,2026-09-07,True
SWANCORP,Swan Corp Ltd.,INE665A01038,,Chemicals,NIFTY 500,https://www.niftyindices.com/IndexConstituent/ind_nifty500list.csv,2026-09-07,True
SWIGGY,Swiggy Ltd.,INE00H001014,,Consumer Services,NIFTY 500,https://www.niftyindices.com/IndexConstituent/ind_nifty500list.csv,2026-09-07,True
SYNGENE,Syngene International Ltd.,INE398R01022,,Healthcare,NIFTY 500,https://www.niftyindices.com/IndexConstituent/ind_nifty500list.csv,2026-09-07,True
SYRMA,Syrma SGS Technology Ltd.,INE0DYJ01015,,Capital Goods,NIFTY 500,https://www.niftyindices.com/IndexConstituent/ind_nifty500list.csv,2026-09-07,True
TBOTEK,TBO Tek Ltd.,INE673O01025,,Consumer Services,NIFTY 500,https://www.niftyindices.com/IndexConstituent/ind_nifty500list.csv,2026-09-07,True
TVSMOTOR,TVS Motor Company Ltd.,INE494B01023,,Automobile and Auto Components,NIFTY 500,https://www.niftyindices.com/IndexConstituent/ind_nifty500list.csv,2026-09-07,True
TATACAP,Tata Capital Ltd.,INE976I01016,,Financial Services,NIFTY 500,https://www.niftyindices.com/IndexConstituent/ind_nifty500list.csv,2026-09-07,True
TATACHEM,Tata Chemicals Ltd.,INE092A01019,,Chemicals,NIFTY 500,https://www.niftyindices.com/IndexConstituent/ind_nifty500list.csv,2026-09-07,True
TATACOMM,Tata Communications Ltd.,INE151A01013,,Telecommunication,NIFTY 500,https://www.niftyindices.com/IndexConstituent/ind_nifty500list.csv,2026-09-07,True
TCS,Tata Consultancy Services Ltd.,INE467B01029,,Information Technology,NIFTY 500,https://www.niftyindices.com/IndexConstituent/ind_nifty500list.csv,2026-09-07,True
TATACONSUM,Tata Consumer Products Ltd.,INE192A01025,,Fast Moving Consumer Goods,NIFTY 500,https://www.niftyindices.com/IndexConstituent/ind_nifty500list.csv,2026-09-07,True
TATAELXSI,Tata Elxsi Ltd.,INE670A01012,,Information Technology,NIFTY 500,https://www.niftyindices.com/IndexConstituent/ind_nifty500list.csv,2026-09-07,True
TATAINVEST,Tata Investment Corporation Ltd.,INE672A01026,,Financial Services,NIFTY 500,https://www.niftyindices.com/IndexConstituent/ind_nifty500list.csv,2026-09-07,True
TMCV,Tata Motors Ltd.,INE1TAE01010,,Capital Goods,NIFTY 500,https://www.niftyindices.com/IndexConstituent/ind_nifty500list.csv,2026-09-07,True
TMPV,Tata Motors Passenger Vehicles Ltd.,INE155A01022,,Automobile and Auto Components,NIFTY 500,https://www.niftyindices.com/IndexConstituent/ind_nifty500list.csv,2026-09-07,True
TATAPOWER,Tata Power Co. Ltd.,INE245A01021,,Power,NIFTY 500,https://www.niftyindices.com/IndexConstituent/ind_nifty500list.csv,2026-09-07,True
TATASTEEL,Tata Steel Ltd.,INE081A01020,,Metals & Mining,NIFTY 500,https://www.niftyindices.com/IndexConstituent/ind_nifty500list.csv,2026-09-07,True
TATATECH,Tata Technologies Ltd.,INE142M01025,,Information Technology,NIFTY 500,https://www.niftyindices.com/IndexConstituent/ind_nifty500list.csv,2026-09-07,True
TTML,Tata Teleservices (Maharashtra) Ltd.,INE517B01013,,Telecommunication,NIFTY 500,https://www.niftyindices.com/IndexConstituent/ind_nifty500list.csv,2026-09-07,True
TECHM,Tech Mahindra Ltd.,INE669C01036,,Information Technology,NIFTY 500,https://www.niftyindices.com/IndexConstituent/ind_nifty500list.csv,2026-09-07,True
TECHNOE,Techno Electric & Engineering Company Ltd.,INE285K01026,,Construction,NIFTY 500,https://www.niftyindices.com/IndexConstituent/ind_nifty500list.csv,2026-09-07,True
TEGA,Tega Industries Ltd.,INE011K01018,,Capital Goods,NIFTY 500,https://www.niftyindices.com/IndexConstituent/ind_nifty500list.csv,2026-09-07,True
TEJASNET,Tejas Networks Ltd.,INE010J01012,,Telecommunication,NIFTY 500,https://www.niftyindices.com/IndexConstituent/ind_nifty500list.csv,2026-09-07,True
TENNIND,Tenneco Clean Air India Ltd.,INE19RI01016,,Automobile and Auto Components,NIFTY 500,https://www.niftyindices.com/IndexConstituent/ind_nifty500list.csv,2026-09-07,True
NIACL,The New India Assurance Company Ltd.,INE470Y01017,,Financial Services,NIFTY 500,https://www.niftyindices.com/IndexConstituent/ind_nifty500list.csv,2026-09-07,True
RAMCOCEM,The Ramco Cements Ltd.,INE331A01037,,Construction Materials,NIFTY 500,https://www.niftyindices.com/IndexConstituent/ind_nifty500list.csv,2026-09-07,True
THERMAX,Thermax Ltd.,INE152A01029,,Capital Goods,NIFTY 500,https://www.niftyindices.com/IndexConstituent/ind_nifty500list.csv,2026-09-07,True
TIMKEN,Timken India Ltd.,INE325A01013,,Capital Goods,NIFTY 500,https://www.niftyindices.com/IndexConstituent/ind_nifty500list.csv,2026-09-07,True
TITAGARH,Titagarh Rail Systems Ltd.,INE615H01020,,Capital Goods,NIFTY 500,https://www.niftyindices.com/IndexConstituent/ind_nifty500list.csv,2026-09-07,True
TITAN,Titan Company Ltd.,INE280A01028,,Consumer Durables,NIFTY 500,https://www.niftyindices.com/IndexConstituent/ind_nifty500list.csv,2026-09-07,True
TORNTPHARM,Torrent Pharmaceuticals Ltd.,INE685A01028,,Healthcare,NIFTY 500,https://www.niftyindices.com/IndexConstituent/ind_nifty500list.csv,2026-09-07,True
TORNTPOWER,Torrent Power Ltd.,INE813H01021,,Power,NIFTY 500,https://www.niftyindices.com/IndexConstituent/ind_nifty500list.csv,2026-09-07,True
TARIL,Transformers And Rectifiers (India) Ltd.,INE763I01026,,Capital Goods,NIFTY 500,https://www.niftyindices.com/IndexConstituent/ind_nifty500list.csv,2026-09-07,True
TRAVELFOOD,Travel Food Services Ltd.,INE103V01028,,Consumer Services,NIFTY 500,https://www.niftyindices.com/IndexConstituent/ind_nifty500list.csv,2026-09-07,True
TRENT,Trent Ltd.,INE849A01020,,Consumer Services,NIFTY 500,https://www.niftyindices.com/IndexConstituent/ind_nifty500list.csv,2026-09-07,True
TRIDENT,Trident Ltd.,INE064C01022,,Textiles,NIFTY 500,https://www.niftyindices.com/IndexConstituent/ind_nifty500list.csv,2026-09-07,True
TRITURBINE,Triveni Turbine Ltd.,INE152M01016,,Capital Goods,NIFTY 500,https://www.niftyindices.com/IndexConstituent/ind_nifty500list.csv,2026-09-07,True
TIINDIA,Tube Investments of India Ltd.,INE974X01010,,Automobile and Auto Components,NIFTY 500,https://www.niftyindices.com/IndexConstituent/ind_nifty500list.csv,2026-09-07,True
UCOBANK,UCO Bank,INE691A01018,,Financial Services,NIFTY 500,https://www.niftyindices.com/IndexConstituent/ind_nifty500list.csv,2026-09-07,True
UNOMINDA,UNO Minda Ltd.,INE405E01023,,Automobile and Auto Components,NIFTY 500,https://www.niftyindices.com/IndexConstituent/ind_nifty500list.csv,2026-09-07,True
UPL,UPL Ltd.,INE628A01036,,Chemicals,NIFTY 500,https://www.niftyindices.com/IndexConstituent/ind_nifty500list.csv,2026-09-07,True
UTIAMC,UTI Asset Management Company Ltd.,INE094J01016,,Financial Services,NIFTY 500,https://www.niftyindices.com/IndexConstituent/ind_nifty500list.csv,2026-09-07,True
ULTRACEMCO,UltraTech Cement Ltd.,INE481G01011,,Construction Materials,NIFTY 500,https://www.niftyindices.com/IndexConstituent/ind_nifty500list.csv,2026-09-07,True
UNIONBANK,Union Bank of India,INE692A01016,,Financial Services,NIFTY 500,https://www.niftyindices.com/IndexConstituent/ind_nifty500list.csv,2026-09-07,True
UBL,United Breweries Ltd.,INE686F01025,,Fast Moving Consumer Goods,NIFTY 500,https://www.niftyindices.com/IndexConstituent/ind_nifty500list.csv,2026-09-07,True
UNITDSPR,United Spirits Ltd.,INE854D01024,,Fast Moving Consumer Goods,NIFTY 500,https://www.niftyindices.com/IndexConstituent/ind_nifty500list.csv,2026-09-07,True
URBANCO,Urban Company Ltd.,INE0CAZ01013,,Consumer Services,NIFTY 500,https://www.niftyindices.com/IndexConstituent/ind_nifty500list.csv,2026-09-07,True
USHAMART,Usha Martin Ltd.,INE228A01035,,Capital Goods,NIFTY 500,https://www.niftyindices.com/IndexConstituent/ind_nifty500list.csv,2026-09-07,True
VTL,Vardhman Textiles Ltd.,INE825A01020,,Textiles,NIFTY 500,https://www.niftyindices.com/IndexConstituent/ind_nifty500list.csv,2026-09-07,True
VBL,Varun Beverages Ltd.,INE200M01039,,Fast Moving Consumer Goods,NIFTY 500,https://www.niftyindices.com/IndexConstituent/ind_nifty500list.csv,2026-09-07,True
VEDL,Vedanta Ltd.,INE205A01025,,Metals & Mining,NIFTY 500,https://www.niftyindices.com/IndexConstituent/ind_nifty500list.csv,2026-09-07,True
VIJAYA,Vijaya Diagnostic Centre Ltd.,INE043W01024,,Healthcare,NIFTY 500,https://www.niftyindices.com/IndexConstituent/ind_nifty500list.csv,2026-09-07,True
VMM,Vishal Mega Mart Ltd.,INE01EA01019,,Consumer Services,NIFTY 500,https://www.niftyindices.com/IndexConstituent/ind_nifty500list.csv,2026-09-07,True
IDEA,Vodafone Idea Ltd.,INE669E01016,,Telecommunication,NIFTY 500,https://www.niftyindices.com/IndexConstituent/ind_nifty500list.csv,2026-09-07,True
VOLTAS,Voltas Ltd.,INE226A01021,,Consumer Durables,NIFTY 500,https://www.niftyindices.com/IndexConstituent/ind_nifty500list.csv,2026-09-07,True
WAAREEENER,Waaree Energies Ltd.,INE377N01017,,Capital Goods,NIFTY 500,https://www.niftyindices.com/IndexConstituent/ind_nifty500list.csv,2026-09-07,True
WELCORP,Welspun Corp Ltd.,INE191B01025,,Capital Goods,NIFTY 500,https://www.niftyindices.com/IndexConstituent/ind_nifty500list.csv,2026-09-07,True
WELSPUNLIV,Welspun Living Ltd.,INE192B01031,,Textiles,NIFTY 500,https://www.niftyindices.com/IndexConstituent/ind_nifty500list.csv,2026-09-07,True
WHIRLPOOL,Whirlpool of India Ltd.,INE716A01013,,Consumer Durables,NIFTY 500,https://www.niftyindices.com/IndexConstituent/ind_nifty500list.csv,2026-09-07,True
WIPRO,Wipro Ltd.,INE075A01022,,Information Technology,NIFTY 500,https://www.niftyindices.com/IndexConstituent/ind_nifty500list.csv,2026-09-07,True
WOCKPHARMA,Wockhardt Ltd.,INE049B01025,,Healthcare,NIFTY 500,https://www.niftyindices.com/IndexConstituent/ind_nifty500list.csv,2026-09-07,True
YESBANK,Yes Bank Ltd.,INE528G01035,,Financial Services,NIFTY 500,https://www.niftyindices.com/IndexConstituent/ind_nifty500list.csv,2026-09-07,True
ZFCVINDIA,ZF Commercial Vehicle Control Systems India Ltd.,INE342J01019,,Automobile and Auto Components,NIFTY 500,https://www.niftyindices.com/IndexConstituent/ind_nifty500list.csv,2026-09-07,True
ZEEL,Zee Entertainment Enterprises Ltd.,INE256A01028,,Media Entertainment & Publication,NIFTY 500,https://www.niftyindices.com/IndexConstituent/ind_nifty500list.csv,2026-09-07,True
ZENTEC,Zen Technologies Ltd.,INE251B01027,,Capital Goods,NIFTY 500,https://www.niftyindices.com/IndexConstituent/ind_nifty500list.csv,2026-09-07,True
ZENSARTECH,Zensar Technolgies Ltd.,INE520A01027,,Information Technology,NIFTY 500,https://www.niftyindices.com/IndexConstituent/ind_nifty500list.csv,2026-09-07,True
ZYDUSLIFE,Zydus Lifesciences Ltd.,INE010B01027,,Healthcare,NIFTY 500,https://www.niftyindices.com/IndexConstituent/ind_nifty500list.csv,2026-09-07,True
ZYDUSWELL,Zydus Wellness Ltd.,INE768C01028,,Fast Moving Consumer Goods,NIFTY 500,https://www.niftyindices.com/IndexConstituent/ind_nifty500list.csv,2026-09-07,True
ECLERX,eClerx Services Ltd.,INE738I01010,,Services,NIFTY 500,https://www.niftyindices.com/IndexConstituent/ind_nifty500list.csv,2026-09-07,True
