backlog_id,category,status,implementation_command_generated
M2-B01,FOUNDATION_IMPLEMENTATION_CANDIDATE,REQUIRES_PRODUCT_OWNER_APPROVAL,False
M2-B02,REGISTRY_AND_LINEAGE,REQUIRES_PRODUCT_OWNER_APPROVAL,False
M2-B03,PORTFOLIO_OS,REQUIRES_PRODUCT_OWNER_APPROVAL,False
M2-B04,UI_SHELL_AND_READ_MODELS,REQUIRES_PRODUCT_OWNER_APPROVAL,False
M2-B05,DATA_OBSERVABILITY,REQUIRES_PRODUCT_OWNER_APPROVAL,False
M2-B06,SHADOW_DESIGN_READINESS,REQUIRES_PRODUCT_OWNER_APPROVAL,False
M2-B07,BROKER_CONTRACTS,REQUIRES_PRODUCT_OWNER_APPROVAL,False
M2-B08,PORTFOLIO_AND_RISK_ANALYTICS,REQUIRES_PRODUCT_OWNER_APPROVAL,False
M2-B09,GOVERNANCE_AUDIT_AND_ALERTING,REQUIRES_PRODUCT_OWNER_APPROVAL,False
